split,class_labels,filename,extension,height,width,mode
Train,2S1,HB19377.jpeg,.jpeg,158,158,L
Train,2S1,HB19379.jpeg,.jpeg,158,158,L
Train,2S1,HB19381.jpeg,.jpeg,158,158,L
Train,2S1,HB19383.jpeg,.jpeg,158,158,L
Train,2S1,HB19389.jpeg,.jpeg,158,158,L
Train,2S1,HB19390.jpeg,.jpeg,158,158,L
Train,2S1,HB19394.jpeg,.jpeg,158,158,L
Train,2S1,HB19396.jpeg,.jpeg,158,158,L
Train,2S1,HB19398.jpeg,.jpeg,158,158,L
Train,2S1,HB19400.jpeg,.jpeg,158,158,L
Train,2S1,HB19402.jpeg,.jpeg,158,158,L
Train,2S1,HB19404.jpeg,.jpeg,158,158,L
Train,2S1,HB19406.jpeg,.jpeg,158,158,L
Train,2S1,HB19408.jpeg,.jpeg,158,158,L
Train,2S1,HB19410.jpeg,.jpeg,158,158,L
Train,2S1,HB19412.jpeg,.jpeg,158,158,L
Train,2S1,HB19414.jpeg,.jpeg,158,158,L
Train,2S1,HB19416.jpeg,.jpeg,158,158,L
Train,2S1,HB19418.jpeg,.jpeg,158,158,L
Train,2S1,HB19420.jpeg,.jpeg,158,158,L
Train,2S1,HB19422.jpeg,.jpeg,158,158,L
Train,2S1,HB19424.jpeg,.jpeg,158,158,L
Train,2S1,HB19426.jpeg,.jpeg,158,158,L
Train,2S1,HB19430.jpeg,.jpeg,158,158,L
Train,2S1,HB19432.jpeg,.jpeg,158,158,L
Train,2S1,HB19434.jpeg,.jpeg,158,158,L
Train,2S1,HB19436.jpeg,.jpeg,158,158,L
Train,2S1,HB19438.jpeg,.jpeg,158,158,L
Train,2S1,HB19440.jpeg,.jpeg,158,158,L
Train,2S1,HB19442.jpeg,.jpeg,158,158,L
Train,2S1,HB19444.jpeg,.jpeg,158,158,L
Train,2S1,HB19446.jpeg,.jpeg,158,158,L
Train,2S1,HB19448.jpeg,.jpeg,158,158,L
Train,2S1,HB19450.jpeg,.jpeg,158,158,L
Train,2S1,HB19454.jpeg,.jpeg,158,158,L
Train,2S1,HB19456.jpeg,.jpeg,158,158,L
Train,2S1,HB19458.jpeg,.jpeg,158,158,L
Train,2S1,HB19460.jpeg,.jpeg,158,158,L
Train,2S1,HB19462.jpeg,.jpeg,158,158,L
Train,2S1,HB19464.jpeg,.jpeg,158,158,L
Train,2S1,HB19466.jpeg,.jpeg,158,158,L
Train,2S1,HB19468.jpeg,.jpeg,158,158,L
Train,2S1,HB19470.jpeg,.jpeg,158,158,L
Train,2S1,HB19472.jpeg,.jpeg,158,158,L
Train,2S1,HB19474.jpeg,.jpeg,158,158,L
Train,2S1,HB19476.jpeg,.jpeg,158,158,L
Train,2S1,HB19478.jpeg,.jpeg,158,158,L
Train,2S1,HB19479.jpeg,.jpeg,158,158,L
Train,2S1,HB19481.jpeg,.jpeg,158,158,L
Train,2S1,HB19483.jpeg,.jpeg,158,158,L
Train,2S1,HB19487.jpeg,.jpeg,158,158,L
Train,2S1,HB19491.jpeg,.jpeg,158,158,L
Train,2S1,HB19495.jpeg,.jpeg,158,158,L
Train,2S1,HB19499.jpeg,.jpeg,158,158,L
Train,2S1,HB19501.jpeg,.jpeg,158,158,L
Train,2S1,HB19503.jpeg,.jpeg,158,158,L
Train,2S1,HB19505.jpeg,.jpeg,158,158,L
Train,2S1,HB19507.jpeg,.jpeg,158,158,L
Train,2S1,HB19508.jpeg,.jpeg,158,158,L
Train,2S1,HB19512.jpeg,.jpeg,158,158,L
Train,2S1,HB19514.jpeg,.jpeg,158,158,L
Train,2S1,HB19516.jpeg,.jpeg,158,158,L
Train,2S1,HB19518.jpeg,.jpeg,158,158,L
Train,2S1,HB19520.jpeg,.jpeg,158,158,L
Train,2S1,HB19522.jpeg,.jpeg,158,158,L
Train,2S1,HB19526.jpeg,.jpeg,158,158,L
Train,2S1,HB19528.jpeg,.jpeg,158,158,L
Train,2S1,HB19530.jpeg,.jpeg,158,158,L
Train,2S1,HB19534.jpeg,.jpeg,158,158,L
Train,2S1,HB19536.jpeg,.jpeg,158,158,L
Train,2S1,HB19538.jpeg,.jpeg,158,158,L
Train,2S1,HB19540.jpeg,.jpeg,158,158,L
Train,2S1,HB19542.jpeg,.jpeg,158,158,L
Train,2S1,HB19544.jpeg,.jpeg,158,158,L
Train,2S1,HB19545.jpeg,.jpeg,158,158,L
Train,2S1,HB19547.jpeg,.jpeg,158,158,L
Train,2S1,HB19549.jpeg,.jpeg,158,158,L
Train,2S1,HB19551.jpeg,.jpeg,158,158,L
Train,2S1,HB19553.jpeg,.jpeg,158,158,L
Train,2S1,HB19555.jpeg,.jpeg,158,158,L
Train,2S1,HB19557.jpeg,.jpeg,158,158,L
Train,2S1,HB19559.jpeg,.jpeg,158,158,L
Train,2S1,HB19561.jpeg,.jpeg,158,158,L
Train,2S1,HB19563.jpeg,.jpeg,158,158,L
Train,2S1,HB19567.jpeg,.jpeg,158,158,L
Train,2S1,HB19569.jpeg,.jpeg,158,158,L
Train,2S1,HB19571.jpeg,.jpeg,158,158,L
Train,2S1,HB19573.jpeg,.jpeg,158,158,L
Train,2S1,HB19575.jpeg,.jpeg,158,158,L
Train,2S1,HB19579.jpeg,.jpeg,158,158,L
Train,2S1,HB19581.jpeg,.jpeg,158,158,L
Train,2S1,HB19583.jpeg,.jpeg,158,158,L
Train,2S1,HB19780.jpeg,.jpeg,158,158,L
Train,2S1,HB19781.jpeg,.jpeg,158,158,L
Train,2S1,HB19782.jpeg,.jpeg,158,158,L
Train,2S1,HB19783.jpeg,.jpeg,158,158,L
Train,2S1,HB19784.jpeg,.jpeg,158,158,L
Train,2S1,HB19785.jpeg,.jpeg,158,158,L
Train,2S1,HB19786.jpeg,.jpeg,158,158,L
Train,2S1,HB19787.jpeg,.jpeg,158,158,L
Train,2S1,HB19788.jpeg,.jpeg,158,158,L
Train,2S1,HB19789.jpeg,.jpeg,158,158,L
Train,2S1,HB19790.jpeg,.jpeg,158,158,L
Train,2S1,HB19791.jpeg,.jpeg,158,158,L
Train,2S1,HB19792.jpeg,.jpeg,158,158,L
Train,2S1,HB19793.jpeg,.jpeg,158,158,L
Train,2S1,HB19794.jpeg,.jpeg,158,158,L
Train,2S1,HB19795.jpeg,.jpeg,158,158,L
Train,2S1,HB19797.jpeg,.jpeg,158,158,L
Train,2S1,HB19798.jpeg,.jpeg,158,158,L
Train,2S1,HB19799.jpeg,.jpeg,158,158,L
Train,2S1,HB19801.jpeg,.jpeg,158,158,L
Train,2S1,HB19803.jpeg,.jpeg,158,158,L
Train,2S1,HB19804.jpeg,.jpeg,158,158,L
Train,2S1,HB19805.jpeg,.jpeg,158,158,L
Train,2S1,HB19806.jpeg,.jpeg,158,158,L
Train,2S1,HB19807.jpeg,.jpeg,158,158,L
Train,2S1,HB19808.jpeg,.jpeg,158,158,L
Train,2S1,HB19809.jpeg,.jpeg,158,158,L
Train,2S1,HB19810.jpeg,.jpeg,158,158,L
Train,2S1,HB19811.jpeg,.jpeg,158,158,L
Train,2S1,HB19812.jpeg,.jpeg,158,158,L
Train,2S1,HB19813.jpeg,.jpeg,158,158,L
Train,2S1,HB19814.jpeg,.jpeg,158,158,L
Train,2S1,HB19816.jpeg,.jpeg,158,158,L
Train,2S1,HB19817.jpeg,.jpeg,158,158,L
Train,2S1,HB19818.jpeg,.jpeg,158,158,L
Train,2S1,HB19820.jpeg,.jpeg,158,158,L
Train,2S1,HB19821.jpeg,.jpeg,158,158,L
Train,2S1,HB19822.jpeg,.jpeg,158,158,L
Train,2S1,HB19823.jpeg,.jpeg,158,158,L
Train,2S1,HB19824.jpeg,.jpeg,158,158,L
Train,2S1,HB19825.jpeg,.jpeg,158,158,L
Train,2S1,HB19826.jpeg,.jpeg,158,158,L
Train,2S1,HB19827.jpeg,.jpeg,158,158,L
Train,2S1,HB19828.jpeg,.jpeg,158,158,L
Train,2S1,HB19829.jpeg,.jpeg,158,158,L
Train,2S1,HB19830.jpeg,.jpeg,158,158,L
Train,2S1,HB19831.jpeg,.jpeg,158,158,L
Train,2S1,HB19833.jpeg,.jpeg,158,158,L
Train,2S1,HB19834.jpeg,.jpeg,158,158,L
Train,2S1,HB19835.jpeg,.jpeg,158,158,L
Train,2S1,HB19836.jpeg,.jpeg,158,158,L
Train,2S1,HB19838.jpeg,.jpeg,158,158,L
Train,2S1,HB19839.jpeg,.jpeg,158,158,L
Train,2S1,HB19840.jpeg,.jpeg,158,158,L
Train,2S1,HB19841.jpeg,.jpeg,158,158,L
Train,2S1,HB19842.jpeg,.jpeg,158,158,L
Train,2S1,HB19843.jpeg,.jpeg,158,158,L
Train,2S1,HB19844.jpeg,.jpeg,158,158,L
Train,2S1,HB19845.jpeg,.jpeg,158,158,L
Train,2S1,HB19846.jpeg,.jpeg,158,158,L
Train,2S1,HB19847.jpeg,.jpeg,158,158,L
Train,2S1,HB19848.jpeg,.jpeg,158,158,L
Train,2S1,HB19849.jpeg,.jpeg,158,158,L
Train,2S1,HB19850.jpeg,.jpeg,158,158,L
Train,2S1,HB19851.jpeg,.jpeg,158,158,L
Train,2S1,HB19852.jpeg,.jpeg,158,158,L
Train,2S1,HB19853.jpeg,.jpeg,158,158,L
Train,2S1,HB19854.jpeg,.jpeg,158,158,L
Train,2S1,HB19855.jpeg,.jpeg,158,158,L
Train,2S1,HB19856.jpeg,.jpeg,158,158,L
Train,2S1,HB19857.jpeg,.jpeg,158,158,L
Train,2S1,HB19858.jpeg,.jpeg,158,158,L
Train,2S1,HB19859.jpeg,.jpeg,158,158,L
Train,2S1,HB19860.jpeg,.jpeg,158,158,L
Train,2S1,HB19861.jpeg,.jpeg,158,158,L
Train,2S1,HB19862.jpeg,.jpeg,158,158,L
Train,2S1,HB19863.jpeg,.jpeg,158,158,L
Train,2S1,HB19864.jpeg,.jpeg,158,158,L
Train,2S1,HB19865.jpeg,.jpeg,158,158,L
Train,2S1,HB19867.jpeg,.jpeg,158,158,L
Train,2S1,HB19868.jpeg,.jpeg,158,158,L
Train,2S1,HB19869.jpeg,.jpeg,158,158,L
Train,2S1,HB19871.jpeg,.jpeg,158,158,L
Train,2S1,HB19872.jpeg,.jpeg,158,158,L
Train,2S1,HB19873.jpeg,.jpeg,158,158,L
Train,2S1,HB19874.jpeg,.jpeg,158,158,L
Train,2S1,HB19875.jpeg,.jpeg,158,158,L
Train,2S1,HB19876.jpeg,.jpeg,158,158,L
Train,2S1,HB19877.jpeg,.jpeg,158,158,L
Train,2S1,HB19878.jpeg,.jpeg,158,158,L
Train,2S1,HB19879.jpeg,.jpeg,158,158,L
Train,2S1,HB19880.jpeg,.jpeg,158,158,L
Train,2S1,HB19881.jpeg,.jpeg,158,158,L
Train,2S1,HB19882.jpeg,.jpeg,158,158,L
Train,2S1,HB19883.jpeg,.jpeg,158,158,L
Train,2S1,HB19884.jpeg,.jpeg,158,158,L
Train,2S1,HB19885.jpeg,.jpeg,158,158,L
Train,2S1,HB19887.jpeg,.jpeg,158,158,L
Train,2S1,HB19888.jpeg,.jpeg,158,158,L
Train,2S1,HB19889.jpeg,.jpeg,158,158,L
Train,2S1,HB19890.jpeg,.jpeg,158,158,L
Train,2S1,HB19891.jpeg,.jpeg,158,158,L
Train,2S1,HB19892.jpeg,.jpeg,158,158,L
Train,2S1,HB19893.jpeg,.jpeg,158,158,L
Train,2S1,HB19894.jpeg,.jpeg,158,158,L
Train,2S1,HB19895.jpeg,.jpeg,158,158,L
Train,2S1,HB19896.jpeg,.jpeg,158,158,L
Train,2S1,HB19897.jpeg,.jpeg,158,158,L
Train,2S1,HB19898.jpeg,.jpeg,158,158,L
Train,2S1,HB19899.jpeg,.jpeg,158,158,L
Train,2S1,HB19901.jpeg,.jpeg,158,158,L
Train,2S1,HB19902.jpeg,.jpeg,158,158,L
Train,2S1,HB19903.jpeg,.jpeg,158,158,L
Train,2S1,HB19906.jpeg,.jpeg,158,158,L
Train,2S1,HB19907.jpeg,.jpeg,158,158,L
Train,2S1,HB19908.jpeg,.jpeg,158,158,L
Train,2S1,HB19909.jpeg,.jpeg,158,158,L
Train,2S1,HB19910.jpeg,.jpeg,158,158,L
Train,2S1,HB19911.jpeg,.jpeg,158,158,L
Train,2S1,HB19912.jpeg,.jpeg,158,158,L
Train,2S1,HB19913.jpeg,.jpeg,158,158,L
Train,2S1,HB19914.jpeg,.jpeg,158,158,L
Train,2S1,HB19915.jpeg,.jpeg,158,158,L
Train,2S1,HB19916.jpeg,.jpeg,158,158,L
Train,2S1,HB19917.jpeg,.jpeg,158,158,L
Train,2S1,HB19918.jpeg,.jpeg,158,158,L
Train,2S1,HB19919.jpeg,.jpeg,158,158,L
Train,2S1,HB19920.jpeg,.jpeg,158,158,L
Train,2S1,HB19923.jpeg,.jpeg,158,158,L
Train,2S1,HB19924.jpeg,.jpeg,158,158,L
Train,2S1,HB19925.jpeg,.jpeg,158,158,L
Train,2S1,HB19926.jpeg,.jpeg,158,158,L
Train,2S1,HB19927.jpeg,.jpeg,158,158,L
Train,2S1,HB19928.jpeg,.jpeg,158,158,L
Train,2S1,HB19929.jpeg,.jpeg,158,158,L
Train,2S1,HB19930.jpeg,.jpeg,158,158,L
Train,2S1,HB19931.jpeg,.jpeg,158,158,L
Train,2S1,HB19932.jpeg,.jpeg,158,158,L
Train,2S1,HB19933.jpeg,.jpeg,158,158,L
Train,2S1,HB19934.jpeg,.jpeg,158,158,L
Train,2S1,HB19935.jpeg,.jpeg,158,158,L
Train,2S1,HB19936.jpeg,.jpeg,158,158,L
Train,2S1,HB19938.jpeg,.jpeg,158,158,L
Train,2S1,HB19939.jpeg,.jpeg,158,158,L
Train,2S1,HB19941.jpeg,.jpeg,158,158,L
Train,2S1,HB19942.jpeg,.jpeg,158,158,L
Train,2S1,HB19943.jpeg,.jpeg,158,158,L
Train,2S1,HB19944.jpeg,.jpeg,158,158,L
Train,2S1,HB19945.jpeg,.jpeg,158,158,L
Train,2S1,HB19946.jpeg,.jpeg,158,158,L
Train,2S1,HB19947.jpeg,.jpeg,158,158,L
Train,2S1,HB19949.jpeg,.jpeg,158,158,L
Train,2S1,HB19950.jpeg,.jpeg,158,158,L
Train,2S1,HB19951.jpeg,.jpeg,158,158,L
Train,2S1,HB19952.jpeg,.jpeg,158,158,L
Train,2S1,HB19953.jpeg,.jpeg,158,158,L
Train,2S1,HB19954.jpeg,.jpeg,158,158,L
Train,2S1,HB19955.jpeg,.jpeg,158,158,L
Train,2S1,HB19957.jpeg,.jpeg,158,158,L
Train,2S1,HB19958.jpeg,.jpeg,158,158,L
Train,2S1,HB19959.jpeg,.jpeg,158,158,L
Train,2S1,HB19960.jpeg,.jpeg,158,158,L
Train,2S1,HB19961.jpeg,.jpeg,158,158,L
Train,2S1,HB19962.jpeg,.jpeg,158,158,L
Train,2S1,HB19963.jpeg,.jpeg,158,158,L
Train,2S1,HB19964.jpeg,.jpeg,158,158,L
Train,2S1,HB19965.jpeg,.jpeg,158,158,L
Train,2S1,HB19966.jpeg,.jpeg,158,158,L
Train,2S1,HB19967.jpeg,.jpeg,158,158,L
Train,2S1,HB19968.jpeg,.jpeg,158,158,L
Train,2S1,HB19969.jpeg,.jpeg,158,158,L
Train,2S1,HB19971.jpeg,.jpeg,158,158,L
Train,2S1,HB19972.jpeg,.jpeg,158,158,L
Train,2S1,HB19973.jpeg,.jpeg,158,158,L
Train,2S1,HB19975.jpeg,.jpeg,158,158,L
Train,2S1,HB19976.jpeg,.jpeg,158,158,L
Train,2S1,HB19977.jpeg,.jpeg,158,158,L
Train,2S1,HB19978.jpeg,.jpeg,158,158,L
Train,2S1,HB19979.jpeg,.jpeg,158,158,L
Train,2S1,HB19980.jpeg,.jpeg,158,158,L
Train,2S1,HB19981.jpeg,.jpeg,158,158,L
Train,2S1,HB19982.jpeg,.jpeg,158,158,L
Train,2S1,HB19983.jpeg,.jpeg,158,158,L
Train,2S1,HB19984.jpeg,.jpeg,158,158,L
Train,2S1,HB19986.jpeg,.jpeg,158,158,L
Train,2S1,HB19987.jpeg,.jpeg,158,158,L
Train,2S1,HB19988.jpeg,.jpeg,158,158,L
Train,2S1,HB19989.jpeg,.jpeg,158,158,L
Train,2S1,HB19990.jpeg,.jpeg,158,158,L
Train,2S1,HB19992.jpeg,.jpeg,158,158,L
Train,2S1,HB19993.jpeg,.jpeg,158,158,L
Train,2S1,HB19994.jpeg,.jpeg,158,158,L
Train,2S1,HB19995.jpeg,.jpeg,158,158,L
Train,2S1,HB19996.jpeg,.jpeg,158,158,L
Train,2S1,HB19997.jpeg,.jpeg,158,158,L
Train,2S1,HB19998.jpeg,.jpeg,158,158,L
Train,2S1,HB19999.jpeg,.jpeg,158,158,L
Train,2S1,HB20000.jpeg,.jpeg,158,158,L
Train,2S1,HB20001.jpeg,.jpeg,158,158,L
Train,2S1,HB20002.jpeg,.jpeg,158,158,L
Train,2S1,HB20007.jpeg,.jpeg,158,158,L
Train,2S1,HB20008.jpeg,.jpeg,158,158,L
Train,2S1,HB20009.jpeg,.jpeg,158,158,L
Train,2S1,HB20010.jpeg,.jpeg,158,158,L
Train,2S1,HB20011.jpeg,.jpeg,158,158,L
Train,2S1,HB20012.jpeg,.jpeg,158,158,L
Train,2S1,HB20013.jpeg,.jpeg,158,158,L
Train,BMP2,HB03787.jpeg,.jpeg,128,128,L
Train,BMP2,HB03788.jpeg,.jpeg,128,128,L
Train,BMP2,HB03790.jpeg,.jpeg,128,128,L
Train,BMP2,HB03792.jpeg,.jpeg,128,128,L
Train,BMP2,HB03793.jpeg,.jpeg,128,128,L
Train,BMP2,HB03794.jpeg,.jpeg,128,128,L
Train,BMP2,HB03796.jpeg,.jpeg,128,128,L
Train,BMP2,HB03797.jpeg,.jpeg,128,128,L
Train,BMP2,HB03798.jpeg,.jpeg,128,128,L
Train,BMP2,HB03799.jpeg,.jpeg,128,128,L
Train,BMP2,HB03800.jpeg,.jpeg,128,128,L
Train,BMP2,HB03801.jpeg,.jpeg,128,128,L
Train,BMP2,HB03802.jpeg,.jpeg,128,128,L
Train,BMP2,HB03803.jpeg,.jpeg,128,128,L
Train,BMP2,HB03804.jpeg,.jpeg,128,128,L
Train,BMP2,HB03805.jpeg,.jpeg,128,128,L
Train,BMP2,HB03806.jpeg,.jpeg,128,128,L
Train,BMP2,HB03807.jpeg,.jpeg,128,128,L
Train,BMP2,HB03808.jpeg,.jpeg,128,128,L
Train,BMP2,HB03809.jpeg,.jpeg,128,128,L
Train,BMP2,HB03810.jpeg,.jpeg,128,128,L
Train,BMP2,HB03811.jpeg,.jpeg,128,128,L
Train,BMP2,HB03812.jpeg,.jpeg,128,128,L
Train,BMP2,HB03813.jpeg,.jpeg,128,128,L
Train,BMP2,HB03814.jpeg,.jpeg,128,128,L
Train,BMP2,HB03815.jpeg,.jpeg,128,128,L
Train,BMP2,HB03817.jpeg,.jpeg,128,128,L
Train,BMP2,HB03818.jpeg,.jpeg,128,128,L
Train,BMP2,HB03819.jpeg,.jpeg,128,128,L
Train,BMP2,HB03820.jpeg,.jpeg,128,128,L
Train,BMP2,HB03821.jpeg,.jpeg,128,128,L
Train,BMP2,HB03822.jpeg,.jpeg,128,128,L
Train,BMP2,HB03823.jpeg,.jpeg,128,128,L
Train,BMP2,HB03824.jpeg,.jpeg,128,128,L
Train,BMP2,HB03825.jpeg,.jpeg,128,128,L
Train,BMP2,HB03826.jpeg,.jpeg,128,128,L
Train,BMP2,HB03827.jpeg,.jpeg,128,128,L
Train,BMP2,HB03828.jpeg,.jpeg,128,128,L
Train,BMP2,HB03829.jpeg,.jpeg,128,128,L
Train,BMP2,HB03830.jpeg,.jpeg,128,128,L
Train,BMP2,HB03831.jpeg,.jpeg,128,128,L
Train,BMP2,HB03832.jpeg,.jpeg,128,128,L
Train,BMP2,HB03833.jpeg,.jpeg,128,128,L
Train,BMP2,HB03834.jpeg,.jpeg,128,128,L
Train,BMP2,HB03836.jpeg,.jpeg,128,128,L
Train,BMP2,HB03837.jpeg,.jpeg,128,128,L
Train,BMP2,HB03838.jpeg,.jpeg,128,128,L
Train,BMP2,HB03839.jpeg,.jpeg,128,128,L
Train,BMP2,HB03840.jpeg,.jpeg,128,128,L
Train,BMP2,HB03841.jpeg,.jpeg,128,128,L
Train,BMP2,HB03842.jpeg,.jpeg,128,128,L
Train,BMP2,HB03843.jpeg,.jpeg,128,128,L
Train,BMP2,HB03844.jpeg,.jpeg,128,128,L
Train,BMP2,HB03846.jpeg,.jpeg,128,128,L
Train,BMP2,HB03847.jpeg,.jpeg,128,128,L
Train,BMP2,HB03848.jpeg,.jpeg,128,128,L
Train,BMP2,HB03849.jpeg,.jpeg,128,128,L
Train,BMP2,HB03850.jpeg,.jpeg,128,128,L
Train,BMP2,HB03851.jpeg,.jpeg,128,128,L
Train,BMP2,HB03852.jpeg,.jpeg,128,128,L
Train,BMP2,HB03854.jpeg,.jpeg,128,128,L
Train,BMP2,HB03855.jpeg,.jpeg,128,128,L
Train,BMP2,HB03856.jpeg,.jpeg,128,128,L
Train,BMP2,HB03857.jpeg,.jpeg,128,128,L
Train,BMP2,HB03858.jpeg,.jpeg,128,128,L
Train,BMP2,HB03859.jpeg,.jpeg,128,128,L
Train,BMP2,HB03860.jpeg,.jpeg,128,128,L
Train,BMP2,HB03862.jpeg,.jpeg,128,128,L
Train,BMP2,HB03863.jpeg,.jpeg,128,128,L
Train,BMP2,HB03864.jpeg,.jpeg,128,128,L
Train,BMP2,HB03865.jpeg,.jpeg,128,128,L
Train,BMP2,HB03866.jpeg,.jpeg,128,128,L
Train,BMP2,HB03867.jpeg,.jpeg,128,128,L
Train,BMP2,HB03868.jpeg,.jpeg,128,128,L
Train,BMP2,HB03869.jpeg,.jpeg,128,128,L
Train,BMP2,HB03870.jpeg,.jpeg,128,128,L
Train,BMP2,HB03871.jpeg,.jpeg,128,128,L
Train,BMP2,HB03872.jpeg,.jpeg,128,128,L
Train,BMP2,HB03873.jpeg,.jpeg,128,128,L
Train,BMP2,HB03874.jpeg,.jpeg,128,128,L
Train,BMP2,HB03875.jpeg,.jpeg,128,128,L
Train,BMP2,HB03876.jpeg,.jpeg,128,128,L
Train,BMP2,HB03877.jpeg,.jpeg,128,128,L
Train,BMP2,HB03878.jpeg,.jpeg,128,128,L
Train,BMP2,HB03879.jpeg,.jpeg,128,128,L
Train,BMP2,HB03880.jpeg,.jpeg,128,128,L
Train,BMP2,HB03881.jpeg,.jpeg,128,128,L
Train,BMP2,HB03882.jpeg,.jpeg,128,128,L
Train,BMP2,HB03883.jpeg,.jpeg,128,128,L
Train,BMP2,HB03884.jpeg,.jpeg,128,128,L
Train,BMP2,HB03885.jpeg,.jpeg,128,128,L
Train,BMP2,HB03886.jpeg,.jpeg,128,128,L
Train,BMP2,HB03887.jpeg,.jpeg,128,128,L
Train,BMP2,HB03889.jpeg,.jpeg,128,128,L
Train,BMP2,HB03890.jpeg,.jpeg,128,128,L
Train,BMP2,HB03891.jpeg,.jpeg,128,128,L
Train,BMP2,HB03892.jpeg,.jpeg,128,128,L
Train,BMP2,HB03893.jpeg,.jpeg,128,128,L
Train,BMP2,HB03894.jpeg,.jpeg,128,128,L
Train,BMP2,HB03895.jpeg,.jpeg,128,128,L
Train,BMP2,HB03896.jpeg,.jpeg,128,128,L
Train,BMP2,HB03897.jpeg,.jpeg,128,128,L
Train,BMP2,HB03898.jpeg,.jpeg,128,128,L
Train,BMP2,HB03900.jpeg,.jpeg,128,128,L
Train,BMP2,HB03901.jpeg,.jpeg,128,128,L
Train,BMP2,HB03902.jpeg,.jpeg,128,128,L
Train,BMP2,HB03903.jpeg,.jpeg,128,128,L
Train,BMP2,HB03904.jpeg,.jpeg,128,128,L
Train,BMP2,HB03905.jpeg,.jpeg,128,128,L
Train,BMP2,HB03906.jpeg,.jpeg,128,128,L
Train,BMP2,HB03907.jpeg,.jpeg,128,128,L
Train,BMP2,HB03908.jpeg,.jpeg,128,128,L
Train,BMP2,HB03909.jpeg,.jpeg,128,128,L
Train,BMP2,HB03910.jpeg,.jpeg,128,128,L
Train,BMP2,HB03911.jpeg,.jpeg,128,128,L
Train,BMP2,HB03912.jpeg,.jpeg,128,128,L
Train,BMP2,HB03913.jpeg,.jpeg,128,128,L
Train,BMP2,HB03914.jpeg,.jpeg,128,128,L
Train,BMP2,HB03915.jpeg,.jpeg,128,128,L
Train,BMP2,HB03916.jpeg,.jpeg,128,128,L
Train,BMP2,HB03917.jpeg,.jpeg,128,128,L
Train,BMP2,HB03918.jpeg,.jpeg,128,128,L
Train,BMP2,HB03919.jpeg,.jpeg,128,128,L
Train,BMP2,HB03920.jpeg,.jpeg,128,128,L
Train,BMP2,HB03922.jpeg,.jpeg,128,128,L
Train,BMP2,HB03923.jpeg,.jpeg,128,128,L
Train,BMP2,HB03924.jpeg,.jpeg,128,128,L
Train,BMP2,HB03925.jpeg,.jpeg,128,128,L
Train,BMP2,HB03926.jpeg,.jpeg,128,128,L
Train,BMP2,HB03927.jpeg,.jpeg,128,128,L
Train,BMP2,HB03928.jpeg,.jpeg,128,128,L
Train,BMP2,HB03929.jpeg,.jpeg,128,128,L
Train,BMP2,HB03930.jpeg,.jpeg,128,128,L
Train,BMP2,HB03931.jpeg,.jpeg,128,128,L
Train,BMP2,HB03932.jpeg,.jpeg,128,128,L
Train,BMP2,HB03933.jpeg,.jpeg,128,128,L
Train,BMP2,HB03934.jpeg,.jpeg,128,128,L
Train,BMP2,HB03935.jpeg,.jpeg,128,128,L
Train,BMP2,HB03936.jpeg,.jpeg,128,128,L
Train,BMP2,HB03938.jpeg,.jpeg,128,128,L
Train,BMP2,HB03939.jpeg,.jpeg,128,128,L
Train,BMP2,HB03940.jpeg,.jpeg,128,128,L
Train,BMP2,HB03941.jpeg,.jpeg,128,128,L
Train,BMP2,HB03942.jpeg,.jpeg,128,128,L
Train,BMP2,HB03943.jpeg,.jpeg,128,128,L
Train,BMP2,HB03944.jpeg,.jpeg,128,128,L
Train,BMP2,HB03945.jpeg,.jpeg,128,128,L
Train,BMP2,HB03946.jpeg,.jpeg,128,128,L
Train,BMP2,HB03947.jpeg,.jpeg,128,128,L
Train,BMP2,HB03948.jpeg,.jpeg,128,128,L
Train,BMP2,HB03949.jpeg,.jpeg,128,128,L
Train,BMP2,HB03950.jpeg,.jpeg,128,128,L
Train,BMP2,HB03951.jpeg,.jpeg,128,128,L
Train,BMP2,HB03952.jpeg,.jpeg,128,128,L
Train,BMP2,HB03953.jpeg,.jpeg,128,128,L
Train,BMP2,HB03954.jpeg,.jpeg,128,128,L
Train,BMP2,HB03955.jpeg,.jpeg,128,128,L
Train,BMP2,HB03956.jpeg,.jpeg,128,128,L
Train,BMP2,HB03957.jpeg,.jpeg,128,128,L
Train,BMP2,HB03958.jpeg,.jpeg,128,128,L
Train,BMP2,HB03959.jpeg,.jpeg,128,128,L
Train,BMP2,HB03960.jpeg,.jpeg,128,128,L
Train,BMP2,HB03962.jpeg,.jpeg,128,128,L
Train,BMP2,HB03963.jpeg,.jpeg,128,128,L
Train,BMP2,HB03964.jpeg,.jpeg,128,128,L
Train,BMP2,HB03965.jpeg,.jpeg,128,128,L
Train,BMP2,HB03967.jpeg,.jpeg,128,128,L
Train,BMP2,HB03968.jpeg,.jpeg,128,128,L
Train,BMP2,HB03969.jpeg,.jpeg,128,128,L
Train,BMP2,HB03970.jpeg,.jpeg,128,128,L
Train,BMP2,HB03971.jpeg,.jpeg,128,128,L
Train,BMP2,HB03972.jpeg,.jpeg,128,128,L
Train,BMP2,HB03973.jpeg,.jpeg,128,128,L
Train,BMP2,HB03974.jpeg,.jpeg,128,128,L
Train,BMP2,HB03975.jpeg,.jpeg,128,128,L
Train,BMP2,HB03976.jpeg,.jpeg,128,128,L
Train,BMP2,HB03977.jpeg,.jpeg,128,128,L
Train,BMP2,HB03978.jpeg,.jpeg,128,128,L
Train,BMP2,HB03979.jpeg,.jpeg,128,128,L
Train,BMP2,HB03980.jpeg,.jpeg,128,128,L
Train,BMP2,HB03981.jpeg,.jpeg,128,128,L
Train,BMP2,HB03982.jpeg,.jpeg,128,128,L
Train,BMP2,HB03983.jpeg,.jpeg,128,128,L
Train,BMP2,HB03985.jpeg,.jpeg,128,128,L
Train,BMP2,HB03986.jpeg,.jpeg,128,128,L
Train,BMP2,HB03987.jpeg,.jpeg,128,128,L
Train,BMP2,HB03988.jpeg,.jpeg,128,128,L
Train,BMP2,HB03989.jpeg,.jpeg,128,128,L
Train,BMP2,HB03990.jpeg,.jpeg,128,128,L
Train,BMP2,HB03991.jpeg,.jpeg,128,128,L
Train,BMP2,HB03992.jpeg,.jpeg,128,128,L
Train,BMP2,HB03993.jpeg,.jpeg,128,128,L
Train,BMP2,HB03994.jpeg,.jpeg,128,128,L
Train,BMP2,HB03995.jpeg,.jpeg,128,128,L
Train,BMP2,HB03998.jpeg,.jpeg,128,128,L
Train,BMP2,HB04000.jpeg,.jpeg,128,128,L
Train,BMP2,HB04001.jpeg,.jpeg,128,128,L
Train,BMP2,HB04002.jpeg,.jpeg,128,128,L
Train,BMP2,HB04003.jpeg,.jpeg,128,128,L
Train,BMP2,HB04004.jpeg,.jpeg,128,128,L
Train,BMP2,HB04005.jpeg,.jpeg,128,128,L
Train,BMP2,HB04006.jpeg,.jpeg,128,128,L
Train,BMP2,HB04007.jpeg,.jpeg,128,128,L
Train,BMP2,HB04008.jpeg,.jpeg,128,128,L
Train,BMP2,HB04009.jpeg,.jpeg,128,128,L
Train,BMP2,HB04010.jpeg,.jpeg,128,128,L
Train,BMP2,HB04011.jpeg,.jpeg,128,128,L
Train,BMP2,HB04012.jpeg,.jpeg,128,128,L
Train,BMP2,HB04013.jpeg,.jpeg,128,128,L
Train,BMP2,HB04014.jpeg,.jpeg,128,128,L
Train,BMP2,HB04015.jpeg,.jpeg,128,128,L
Train,BMP2,HB04016.jpeg,.jpeg,128,128,L
Train,BMP2,HB04017.jpeg,.jpeg,128,128,L
Train,BMP2,HB04018.jpeg,.jpeg,128,128,L
Train,BMP2,HB04020.jpeg,.jpeg,128,128,L
Train,BMP2,HB04021.jpeg,.jpeg,128,128,L
Train,BMP2,HB04022.jpeg,.jpeg,128,128,L
Train,BMP2,HB04023.jpeg,.jpeg,128,128,L
Train,BMP2,HB04024.jpeg,.jpeg,128,128,L
Train,BMP2,HB04025.jpeg,.jpeg,128,128,L
Train,BMP2,HB04026.jpeg,.jpeg,128,128,L
Train,BMP2,HB04027.jpeg,.jpeg,128,128,L
Train,BMP2,HB04028.jpeg,.jpeg,128,128,L
Train,BMP2,HB04029.jpeg,.jpeg,128,128,L
Train,BMP2,HB04030.jpeg,.jpeg,128,128,L
Train,BMP2,HB04033.jpeg,.jpeg,128,128,L
Train,BMP2,HB04034.jpeg,.jpeg,128,128,L
Train,BMP2,HB04035.jpeg,.jpeg,128,128,L
Train,BMP2,HB04036.jpeg,.jpeg,128,128,L
Train,BMP2,HB04037.jpeg,.jpeg,128,128,L
Train,BMP2,HB04038.jpeg,.jpeg,128,128,L
Train,BMP2,HB04039.jpeg,.jpeg,128,128,L
Train,BMP2,HB04040.jpeg,.jpeg,128,128,L
Train,BRDM2,HB19377.jpeg,.jpeg,129,128,L
Train,BRDM2,HB19379.jpeg,.jpeg,129,128,L
Train,BRDM2,HB19381.jpeg,.jpeg,129,128,L
Train,BRDM2,HB19383.jpeg,.jpeg,129,128,L
Train,BRDM2,HB19389.jpeg,.jpeg,129,128,L
Train,BRDM2,HB19390.jpeg,.jpeg,129,128,L
Train,BRDM2,HB19394.jpeg,.jpeg,129,128,L
Train,BRDM2,HB19396.jpeg,.jpeg,129,128,L
Train,BRDM2,HB19398.jpeg,.jpeg,129,128,L
Train,BRDM2,HB19400.jpeg,.jpeg,129,128,L
Train,BRDM2,HB19402.jpeg,.jpeg,129,128,L
Train,BRDM2,HB19404.jpeg,.jpeg,129,128,L
Train,BRDM2,HB19406.jpeg,.jpeg,129,128,L
Train,BRDM2,HB19408.jpeg,.jpeg,129,128,L
Train,BRDM2,HB19410.jpeg,.jpeg,129,128,L
Train,BRDM2,HB19412.jpeg,.jpeg,129,128,L
Train,BRDM2,HB19414.jpeg,.jpeg,129,128,L
Train,BRDM2,HB19416.jpeg,.jpeg,129,128,L
Train,BRDM2,HB19418.jpeg,.jpeg,129,128,L
Train,BRDM2,HB19420.jpeg,.jpeg,129,128,L
Train,BRDM2,HB19422.jpeg,.jpeg,129,128,L
Train,BRDM2,HB19424.jpeg,.jpeg,129,128,L
Train,BRDM2,HB19426.jpeg,.jpeg,129,128,L
Train,BRDM2,HB19430.jpeg,.jpeg,129,128,L
Train,BRDM2,HB19432.jpeg,.jpeg,129,128,L
Train,BRDM2,HB19434.jpeg,.jpeg,129,128,L
Train,BRDM2,HB19436.jpeg,.jpeg,129,128,L
Train,BRDM2,HB19438.jpeg,.jpeg,129,128,L
Train,BRDM2,HB19440.jpeg,.jpeg,129,128,L
Train,BRDM2,HB19442.jpeg,.jpeg,129,128,L
Train,BRDM2,HB19444.jpeg,.jpeg,129,128,L
Train,BRDM2,HB19446.jpeg,.jpeg,129,128,L
Train,BRDM2,HB19448.jpeg,.jpeg,129,128,L
Train,BRDM2,HB19450.jpeg,.jpeg,129,128,L
Train,BRDM2,HB19454.jpeg,.jpeg,129,128,L
Train,BRDM2,HB19456.jpeg,.jpeg,129,128,L
Train,BRDM2,HB19458.jpeg,.jpeg,129,128,L
Train,BRDM2,HB19460.jpeg,.jpeg,129,128,L
Train,BRDM2,HB19462.jpeg,.jpeg,129,128,L
Train,BRDM2,HB19464.jpeg,.jpeg,129,128,L
Train,BRDM2,HB19466.jpeg,.jpeg,129,128,L
Train,BRDM2,HB19468.jpeg,.jpeg,129,128,L
Train,BRDM2,HB19470.jpeg,.jpeg,129,128,L
Train,BRDM2,HB19472.jpeg,.jpeg,129,128,L
Train,BRDM2,HB19474.jpeg,.jpeg,129,128,L
Train,BRDM2,HB19476.jpeg,.jpeg,129,128,L
Train,BRDM2,HB19478.jpeg,.jpeg,129,128,L
Train,BRDM2,HB19479.jpeg,.jpeg,129,128,L
Train,BRDM2,HB19481.jpeg,.jpeg,129,128,L
Train,BRDM2,HB19483.jpeg,.jpeg,129,128,L
Train,BRDM2,HB19487.jpeg,.jpeg,129,128,L
Train,BRDM2,HB19491.jpeg,.jpeg,129,128,L
Train,BRDM2,HB19495.jpeg,.jpeg,129,128,L
Train,BRDM2,HB19499.jpeg,.jpeg,129,128,L
Train,BRDM2,HB19501.jpeg,.jpeg,129,128,L
Train,BRDM2,HB19503.jpeg,.jpeg,129,128,L
Train,BRDM2,HB19505.jpeg,.jpeg,129,128,L
Train,BRDM2,HB19507.jpeg,.jpeg,129,128,L
Train,BRDM2,HB19508.jpeg,.jpeg,129,128,L
Train,BRDM2,HB19512.jpeg,.jpeg,129,128,L
Train,BRDM2,HB19514.jpeg,.jpeg,129,128,L
Train,BRDM2,HB19516.jpeg,.jpeg,129,128,L
Train,BRDM2,HB19518.jpeg,.jpeg,129,128,L
Train,BRDM2,HB19520.jpeg,.jpeg,129,128,L
Train,BRDM2,HB19522.jpeg,.jpeg,129,128,L
Train,BRDM2,HB19526.jpeg,.jpeg,129,128,L
Train,BRDM2,HB19528.jpeg,.jpeg,129,128,L
Train,BRDM2,HB19530.jpeg,.jpeg,129,128,L
Train,BRDM2,HB19534.jpeg,.jpeg,129,128,L
Train,BRDM2,HB19536.jpeg,.jpeg,129,128,L
Train,BRDM2,HB19538.jpeg,.jpeg,129,128,L
Train,BRDM2,HB19540.jpeg,.jpeg,129,128,L
Train,BRDM2,HB19542.jpeg,.jpeg,129,128,L
Train,BRDM2,HB19544.jpeg,.jpeg,129,128,L
Train,BRDM2,HB19545.jpeg,.jpeg,129,128,L
Train,BRDM2,HB19547.jpeg,.jpeg,129,128,L
Train,BRDM2,HB19549.jpeg,.jpeg,129,128,L
Train,BRDM2,HB19551.jpeg,.jpeg,129,128,L
Train,BRDM2,HB19553.jpeg,.jpeg,129,128,L
Train,BRDM2,HB19555.jpeg,.jpeg,129,128,L
Train,BRDM2,HB19557.jpeg,.jpeg,129,128,L
Train,BRDM2,HB19559.jpeg,.jpeg,129,128,L
Train,BRDM2,HB19561.jpeg,.jpeg,129,128,L
Train,BRDM2,HB19563.jpeg,.jpeg,129,128,L
Train,BRDM2,HB19567.jpeg,.jpeg,129,128,L
Train,BRDM2,HB19569.jpeg,.jpeg,129,128,L
Train,BRDM2,HB19571.jpeg,.jpeg,129,128,L
Train,BRDM2,HB19573.jpeg,.jpeg,129,128,L
Train,BRDM2,HB19575.jpeg,.jpeg,129,128,L
Train,BRDM2,HB19579.jpeg,.jpeg,129,128,L
Train,BRDM2,HB19581.jpeg,.jpeg,129,128,L
Train,BRDM2,HB19583.jpeg,.jpeg,129,128,L
Train,BRDM2,HB19780.jpeg,.jpeg,129,128,L
Train,BRDM2,HB19781.jpeg,.jpeg,129,128,L
Train,BRDM2,HB19782.jpeg,.jpeg,129,128,L
Train,BRDM2,HB19783.jpeg,.jpeg,129,128,L
Train,BRDM2,HB19784.jpeg,.jpeg,129,128,L
Train,BRDM2,HB19785.jpeg,.jpeg,129,128,L
Train,BRDM2,HB19786.jpeg,.jpeg,129,128,L
Train,BRDM2,HB19787.jpeg,.jpeg,129,128,L
Train,BRDM2,HB19788.jpeg,.jpeg,129,128,L
Train,BRDM2,HB19789.jpeg,.jpeg,129,128,L
Train,BRDM2,HB19790.jpeg,.jpeg,129,128,L
Train,BRDM2,HB19791.jpeg,.jpeg,129,128,L
Train,BRDM2,HB19792.jpeg,.jpeg,129,128,L
Train,BRDM2,HB19793.jpeg,.jpeg,129,128,L
Train,BRDM2,HB19794.jpeg,.jpeg,129,128,L
Train,BRDM2,HB19795.jpeg,.jpeg,129,128,L
Train,BRDM2,HB19797.jpeg,.jpeg,129,128,L
Train,BRDM2,HB19798.jpeg,.jpeg,129,128,L
Train,BRDM2,HB19799.jpeg,.jpeg,129,128,L
Train,BRDM2,HB19801.jpeg,.jpeg,129,128,L
Train,BRDM2,HB19803.jpeg,.jpeg,129,128,L
Train,BRDM2,HB19804.jpeg,.jpeg,129,128,L
Train,BRDM2,HB19805.jpeg,.jpeg,129,128,L
Train,BRDM2,HB19806.jpeg,.jpeg,129,128,L
Train,BRDM2,HB19807.jpeg,.jpeg,129,128,L
Train,BRDM2,HB19808.jpeg,.jpeg,129,128,L
Train,BRDM2,HB19809.jpeg,.jpeg,129,128,L
Train,BRDM2,HB19810.jpeg,.jpeg,129,128,L
Train,BRDM2,HB19811.jpeg,.jpeg,129,128,L
Train,BRDM2,HB19812.jpeg,.jpeg,129,128,L
Train,BRDM2,HB19813.jpeg,.jpeg,129,128,L
Train,BRDM2,HB19814.jpeg,.jpeg,129,128,L
Train,BRDM2,HB19816.jpeg,.jpeg,129,128,L
Train,BRDM2,HB19817.jpeg,.jpeg,129,128,L
Train,BRDM2,HB19818.jpeg,.jpeg,129,128,L
Train,BRDM2,HB19820.jpeg,.jpeg,129,128,L
Train,BRDM2,HB19821.jpeg,.jpeg,129,128,L
Train,BRDM2,HB19822.jpeg,.jpeg,129,128,L
Train,BRDM2,HB19823.jpeg,.jpeg,129,128,L
Train,BRDM2,HB19824.jpeg,.jpeg,129,128,L
Train,BRDM2,HB19825.jpeg,.jpeg,129,128,L
Train,BRDM2,HB19826.jpeg,.jpeg,129,128,L
Train,BRDM2,HB19827.jpeg,.jpeg,129,128,L
Train,BRDM2,HB19828.jpeg,.jpeg,129,128,L
Train,BRDM2,HB19829.jpeg,.jpeg,129,128,L
Train,BRDM2,HB19830.jpeg,.jpeg,129,128,L
Train,BRDM2,HB19831.jpeg,.jpeg,129,128,L
Train,BRDM2,HB19833.jpeg,.jpeg,129,128,L
Train,BRDM2,HB19834.jpeg,.jpeg,129,128,L
Train,BRDM2,HB19835.jpeg,.jpeg,129,128,L
Train,BRDM2,HB19836.jpeg,.jpeg,129,128,L
Train,BRDM2,HB19838.jpeg,.jpeg,129,128,L
Train,BRDM2,HB19839.jpeg,.jpeg,129,128,L
Train,BRDM2,HB19840.jpeg,.jpeg,129,128,L
Train,BRDM2,HB19841.jpeg,.jpeg,129,128,L
Train,BRDM2,HB19842.jpeg,.jpeg,129,128,L
Train,BRDM2,HB19843.jpeg,.jpeg,129,128,L
Train,BRDM2,HB19844.jpeg,.jpeg,129,128,L
Train,BRDM2,HB19845.jpeg,.jpeg,129,128,L
Train,BRDM2,HB19846.jpeg,.jpeg,129,128,L
Train,BRDM2,HB19847.jpeg,.jpeg,129,128,L
Train,BRDM2,HB19848.jpeg,.jpeg,129,128,L
Train,BRDM2,HB19849.jpeg,.jpeg,129,128,L
Train,BRDM2,HB19850.jpeg,.jpeg,129,128,L
Train,BRDM2,HB19851.jpeg,.jpeg,129,128,L
Train,BRDM2,HB19852.jpeg,.jpeg,129,128,L
Train,BRDM2,HB19853.jpeg,.jpeg,129,128,L
Train,BRDM2,HB19854.jpeg,.jpeg,129,128,L
Train,BRDM2,HB19855.jpeg,.jpeg,129,128,L
Train,BRDM2,HB19856.jpeg,.jpeg,129,128,L
Train,BRDM2,HB19857.jpeg,.jpeg,129,128,L
Train,BRDM2,HB19858.jpeg,.jpeg,129,128,L
Train,BRDM2,HB19859.jpeg,.jpeg,129,128,L
Train,BRDM2,HB19860.jpeg,.jpeg,129,128,L
Train,BRDM2,HB19861.jpeg,.jpeg,129,128,L
Train,BRDM2,HB19862.jpeg,.jpeg,129,128,L
Train,BRDM2,HB19863.jpeg,.jpeg,129,128,L
Train,BRDM2,HB19864.jpeg,.jpeg,129,128,L
Train,BRDM2,HB19865.jpeg,.jpeg,129,128,L
Train,BRDM2,HB19867.jpeg,.jpeg,129,128,L
Train,BRDM2,HB19868.jpeg,.jpeg,129,128,L
Train,BRDM2,HB19869.jpeg,.jpeg,129,128,L
Train,BRDM2,HB19871.jpeg,.jpeg,129,128,L
Train,BRDM2,HB19872.jpeg,.jpeg,129,128,L
Train,BRDM2,HB19873.jpeg,.jpeg,129,128,L
Train,BRDM2,HB19874.jpeg,.jpeg,129,128,L
Train,BRDM2,HB19875.jpeg,.jpeg,129,128,L
Train,BRDM2,HB19876.jpeg,.jpeg,129,128,L
Train,BRDM2,HB19877.jpeg,.jpeg,129,128,L
Train,BRDM2,HB19878.jpeg,.jpeg,129,128,L
Train,BRDM2,HB19879.jpeg,.jpeg,129,128,L
Train,BRDM2,HB19880.jpeg,.jpeg,129,128,L
Train,BRDM2,HB19881.jpeg,.jpeg,129,128,L
Train,BRDM2,HB19882.jpeg,.jpeg,129,128,L
Train,BRDM2,HB19883.jpeg,.jpeg,129,128,L
Train,BRDM2,HB19884.jpeg,.jpeg,129,128,L
Train,BRDM2,HB19885.jpeg,.jpeg,129,128,L
Train,BRDM2,HB19887.jpeg,.jpeg,129,128,L
Train,BRDM2,HB19888.jpeg,.jpeg,129,128,L
Train,BRDM2,HB19889.jpeg,.jpeg,129,128,L
Train,BRDM2,HB19890.jpeg,.jpeg,129,128,L
Train,BRDM2,HB19891.jpeg,.jpeg,129,128,L
Train,BRDM2,HB19892.jpeg,.jpeg,129,128,L
Train,BRDM2,HB19893.jpeg,.jpeg,129,128,L
Train,BRDM2,HB19894.jpeg,.jpeg,129,128,L
Train,BRDM2,HB19895.jpeg,.jpeg,129,128,L
Train,BRDM2,HB19896.jpeg,.jpeg,129,128,L
Train,BRDM2,HB19897.jpeg,.jpeg,129,128,L
Train,BRDM2,HB19898.jpeg,.jpeg,129,128,L
Train,BRDM2,HB19899.jpeg,.jpeg,129,128,L
Train,BRDM2,HB19901.jpeg,.jpeg,129,128,L
Train,BRDM2,HB19902.jpeg,.jpeg,129,128,L
Train,BRDM2,HB19903.jpeg,.jpeg,129,128,L
Train,BRDM2,HB19906.jpeg,.jpeg,129,128,L
Train,BRDM2,HB19907.jpeg,.jpeg,129,128,L
Train,BRDM2,HB19908.jpeg,.jpeg,129,128,L
Train,BRDM2,HB19909.jpeg,.jpeg,129,128,L
Train,BRDM2,HB19910.jpeg,.jpeg,129,128,L
Train,BRDM2,HB19911.jpeg,.jpeg,129,128,L
Train,BRDM2,HB19912.jpeg,.jpeg,129,128,L
Train,BRDM2,HB19913.jpeg,.jpeg,129,128,L
Train,BRDM2,HB19914.jpeg,.jpeg,129,128,L
Train,BRDM2,HB19915.jpeg,.jpeg,129,128,L
Train,BRDM2,HB19916.jpeg,.jpeg,129,128,L
Train,BRDM2,HB19917.jpeg,.jpeg,129,128,L
Train,BRDM2,HB19918.jpeg,.jpeg,129,128,L
Train,BRDM2,HB19919.jpeg,.jpeg,129,128,L
Train,BRDM2,HB19920.jpeg,.jpeg,129,128,L
Train,BRDM2,HB19923.jpeg,.jpeg,129,128,L
Train,BRDM2,HB19924.jpeg,.jpeg,129,128,L
Train,BRDM2,HB19925.jpeg,.jpeg,129,128,L
Train,BRDM2,HB19926.jpeg,.jpeg,129,128,L
Train,BRDM2,HB19927.jpeg,.jpeg,129,128,L
Train,BRDM2,HB19928.jpeg,.jpeg,129,128,L
Train,BRDM2,HB19929.jpeg,.jpeg,129,128,L
Train,BRDM2,HB19930.jpeg,.jpeg,129,128,L
Train,BRDM2,HB19931.jpeg,.jpeg,129,128,L
Train,BRDM2,HB19932.jpeg,.jpeg,129,128,L
Train,BRDM2,HB19933.jpeg,.jpeg,129,128,L
Train,BRDM2,HB19934.jpeg,.jpeg,129,128,L
Train,BRDM2,HB19935.jpeg,.jpeg,129,128,L
Train,BRDM2,HB19936.jpeg,.jpeg,129,128,L
Train,BRDM2,HB19938.jpeg,.jpeg,129,128,L
Train,BRDM2,HB19939.jpeg,.jpeg,129,128,L
Train,BRDM2,HB19941.jpeg,.jpeg,129,128,L
Train,BRDM2,HB19942.jpeg,.jpeg,129,128,L
Train,BRDM2,HB19943.jpeg,.jpeg,129,128,L
Train,BRDM2,HB19944.jpeg,.jpeg,129,128,L
Train,BRDM2,HB19945.jpeg,.jpeg,129,128,L
Train,BRDM2,HB19946.jpeg,.jpeg,129,128,L
Train,BRDM2,HB19947.jpeg,.jpeg,129,128,L
Train,BRDM2,HB19949.jpeg,.jpeg,129,128,L
Train,BRDM2,HB19950.jpeg,.jpeg,129,128,L
Train,BRDM2,HB19951.jpeg,.jpeg,129,128,L
Train,BRDM2,HB19952.jpeg,.jpeg,129,128,L
Train,BRDM2,HB19953.jpeg,.jpeg,129,128,L
Train,BRDM2,HB19954.jpeg,.jpeg,129,128,L
Train,BRDM2,HB19955.jpeg,.jpeg,129,128,L
Train,BRDM2,HB19957.jpeg,.jpeg,129,128,L
Train,BRDM2,HB19958.jpeg,.jpeg,129,128,L
Train,BRDM2,HB19959.jpeg,.jpeg,129,128,L
Train,BRDM2,HB19960.jpeg,.jpeg,129,128,L
Train,BRDM2,HB19961.jpeg,.jpeg,129,128,L
Train,BRDM2,HB19962.jpeg,.jpeg,129,128,L
Train,BRDM2,HB19963.jpeg,.jpeg,129,128,L
Train,BRDM2,HB19964.jpeg,.jpeg,129,128,L
Train,BRDM2,HB19965.jpeg,.jpeg,129,128,L
Train,BRDM2,HB19966.jpeg,.jpeg,129,128,L
Train,BRDM2,HB19967.jpeg,.jpeg,129,128,L
Train,BRDM2,HB19968.jpeg,.jpeg,129,128,L
Train,BRDM2,HB19969.jpeg,.jpeg,129,128,L
Train,BRDM2,HB19971.jpeg,.jpeg,129,128,L
Train,BRDM2,HB19972.jpeg,.jpeg,129,128,L
Train,BRDM2,HB19973.jpeg,.jpeg,129,128,L
Train,BRDM2,HB19975.jpeg,.jpeg,129,128,L
Train,BRDM2,HB19976.jpeg,.jpeg,129,128,L
Train,BRDM2,HB19977.jpeg,.jpeg,129,128,L
Train,BRDM2,HB19978.jpeg,.jpeg,129,128,L
Train,BRDM2,HB19979.jpeg,.jpeg,129,128,L
Train,BRDM2,HB19980.jpeg,.jpeg,129,128,L
Train,BRDM2,HB19981.jpeg,.jpeg,129,128,L
Train,BRDM2,HB19982.jpeg,.jpeg,129,128,L
Train,BRDM2,HB19983.jpeg,.jpeg,129,128,L
Train,BRDM2,HB19984.jpeg,.jpeg,129,128,L
Train,BRDM2,HB19986.jpeg,.jpeg,129,128,L
Train,BRDM2,HB19987.jpeg,.jpeg,129,128,L
Train,BRDM2,HB19988.jpeg,.jpeg,129,128,L
Train,BRDM2,HB19989.jpeg,.jpeg,129,128,L
Train,BRDM2,HB19990.jpeg,.jpeg,129,128,L
Train,BRDM2,HB19992.jpeg,.jpeg,129,128,L
Train,BRDM2,HB19993.jpeg,.jpeg,129,128,L
Train,BRDM2,HB19994.jpeg,.jpeg,129,128,L
Train,BRDM2,HB19995.jpeg,.jpeg,129,128,L
Train,BRDM2,HB19996.jpeg,.jpeg,129,128,L
Train,BRDM2,HB19997.jpeg,.jpeg,129,128,L
Train,BRDM2,HB19998.jpeg,.jpeg,129,128,L
Train,BRDM2,HB19999.jpeg,.jpeg,129,128,L
Train,BRDM2,HB20000.jpeg,.jpeg,129,128,L
Train,BRDM2,HB20001.jpeg,.jpeg,129,128,L
Train,BRDM2,HB20002.jpeg,.jpeg,129,128,L
Train,BRDM2,HB20007.jpeg,.jpeg,129,128,L
Train,BRDM2,HB20008.jpeg,.jpeg,129,128,L
Train,BRDM2,HB20009.jpeg,.jpeg,129,128,L
Train,BRDM2,HB20010.jpeg,.jpeg,129,128,L
Train,BRDM2,HB20011.jpeg,.jpeg,129,128,L
Train,BRDM2,HB20012.jpeg,.jpeg,129,128,L
Train,BTR60,HB03787.jpeg,.jpeg,128,128,L
Train,BTR60,HB03788.jpeg,.jpeg,128,128,L
Train,BTR60,HB03790.jpeg,.jpeg,128,128,L
Train,BTR60,HB03792.jpeg,.jpeg,128,128,L
Train,BTR60,HB03793.jpeg,.jpeg,128,128,L
Train,BTR60,HB03794.jpeg,.jpeg,128,128,L
Train,BTR60,HB03796.jpeg,.jpeg,128,128,L
Train,BTR60,HB03797.jpeg,.jpeg,128,128,L
Train,BTR60,HB03798.jpeg,.jpeg,128,128,L
Train,BTR60,HB03799.jpeg,.jpeg,128,128,L
Train,BTR60,HB03800.jpeg,.jpeg,128,128,L
Train,BTR60,HB03801.jpeg,.jpeg,128,128,L
Train,BTR60,HB03802.jpeg,.jpeg,128,128,L
Train,BTR60,HB03803.jpeg,.jpeg,128,128,L
Train,BTR60,HB03804.jpeg,.jpeg,128,128,L
Train,BTR60,HB03805.jpeg,.jpeg,128,128,L
Train,BTR60,HB03806.jpeg,.jpeg,128,128,L
Train,BTR60,HB03807.jpeg,.jpeg,128,128,L
Train,BTR60,HB03808.jpeg,.jpeg,128,128,L
Train,BTR60,HB03809.jpeg,.jpeg,128,128,L
Train,BTR60,HB03810.jpeg,.jpeg,128,128,L
Train,BTR60,HB03811.jpeg,.jpeg,128,128,L
Train,BTR60,HB03812.jpeg,.jpeg,128,128,L
Train,BTR60,HB03813.jpeg,.jpeg,128,128,L
Train,BTR60,HB03814.jpeg,.jpeg,128,128,L
Train,BTR60,HB03815.jpeg,.jpeg,128,128,L
Train,BTR60,HB03817.jpeg,.jpeg,128,128,L
Train,BTR60,HB03818.jpeg,.jpeg,128,128,L
Train,BTR60,HB03819.jpeg,.jpeg,128,128,L
Train,BTR60,HB03820.jpeg,.jpeg,128,128,L
Train,BTR60,HB03821.jpeg,.jpeg,128,128,L
Train,BTR60,HB03822.jpeg,.jpeg,128,128,L
Train,BTR60,HB03823.jpeg,.jpeg,128,128,L
Train,BTR60,HB03824.jpeg,.jpeg,128,128,L
Train,BTR60,HB03825.jpeg,.jpeg,128,128,L
Train,BTR60,HB03826.jpeg,.jpeg,128,128,L
Train,BTR60,HB03827.jpeg,.jpeg,128,128,L
Train,BTR60,HB03828.jpeg,.jpeg,128,128,L
Train,BTR60,HB03829.jpeg,.jpeg,128,128,L
Train,BTR60,HB03830.jpeg,.jpeg,128,128,L
Train,BTR60,HB03831.jpeg,.jpeg,128,128,L
Train,BTR60,HB03832.jpeg,.jpeg,128,128,L
Train,BTR60,HB03833.jpeg,.jpeg,128,128,L
Train,BTR60,HB03834.jpeg,.jpeg,128,128,L
Train,BTR60,HB03836.jpeg,.jpeg,128,128,L
Train,BTR60,HB03837.jpeg,.jpeg,128,128,L
Train,BTR60,HB03838.jpeg,.jpeg,128,128,L
Train,BTR60,HB03839.jpeg,.jpeg,128,128,L
Train,BTR60,HB03840.jpeg,.jpeg,128,128,L
Train,BTR60,HB03841.jpeg,.jpeg,128,128,L
Train,BTR60,HB03842.jpeg,.jpeg,128,128,L
Train,BTR60,HB03843.jpeg,.jpeg,128,128,L
Train,BTR60,HB03844.jpeg,.jpeg,128,128,L
Train,BTR60,HB03846.jpeg,.jpeg,128,128,L
Train,BTR60,HB03847.jpeg,.jpeg,128,128,L
Train,BTR60,HB03848.jpeg,.jpeg,128,128,L
Train,BTR60,HB03849.jpeg,.jpeg,128,128,L
Train,BTR60,HB03850.jpeg,.jpeg,128,128,L
Train,BTR60,HB03851.jpeg,.jpeg,128,128,L
Train,BTR60,HB03852.jpeg,.jpeg,128,128,L
Train,BTR60,HB03854.jpeg,.jpeg,128,128,L
Train,BTR60,HB03855.jpeg,.jpeg,128,128,L
Train,BTR60,HB03856.jpeg,.jpeg,128,128,L
Train,BTR60,HB03857.jpeg,.jpeg,128,128,L
Train,BTR60,HB03858.jpeg,.jpeg,128,128,L
Train,BTR60,HB03859.jpeg,.jpeg,128,128,L
Train,BTR60,HB03860.jpeg,.jpeg,128,128,L
Train,BTR60,HB03862.jpeg,.jpeg,128,128,L
Train,BTR60,HB03863.jpeg,.jpeg,128,128,L
Train,BTR60,HB03864.jpeg,.jpeg,128,128,L
Train,BTR60,HB03865.jpeg,.jpeg,128,128,L
Train,BTR60,HB03866.jpeg,.jpeg,128,128,L
Train,BTR60,HB03867.jpeg,.jpeg,128,128,L
Train,BTR60,HB03868.jpeg,.jpeg,128,128,L
Train,BTR60,HB03869.jpeg,.jpeg,128,128,L
Train,BTR60,HB03870.jpeg,.jpeg,128,128,L
Train,BTR60,HB03871.jpeg,.jpeg,128,128,L
Train,BTR60,HB03872.jpeg,.jpeg,128,128,L
Train,BTR60,HB03873.jpeg,.jpeg,128,128,L
Train,BTR60,HB03874.jpeg,.jpeg,128,128,L
Train,BTR60,HB03875.jpeg,.jpeg,128,128,L
Train,BTR60,HB03876.jpeg,.jpeg,128,128,L
Train,BTR60,HB03877.jpeg,.jpeg,128,128,L
Train,BTR60,HB03878.jpeg,.jpeg,128,128,L
Train,BTR60,HB03879.jpeg,.jpeg,128,128,L
Train,BTR60,HB03880.jpeg,.jpeg,128,128,L
Train,BTR60,HB03881.jpeg,.jpeg,128,128,L
Train,BTR60,HB03882.jpeg,.jpeg,128,128,L
Train,BTR60,HB03883.jpeg,.jpeg,128,128,L
Train,BTR60,HB03884.jpeg,.jpeg,128,128,L
Train,BTR60,HB03885.jpeg,.jpeg,128,128,L
Train,BTR60,HB03886.jpeg,.jpeg,128,128,L
Train,BTR60,HB03887.jpeg,.jpeg,128,128,L
Train,BTR60,HB03889.jpeg,.jpeg,128,128,L
Train,BTR60,HB03890.jpeg,.jpeg,128,128,L
Train,BTR60,HB03891.jpeg,.jpeg,128,128,L
Train,BTR60,HB03892.jpeg,.jpeg,128,128,L
Train,BTR60,HB03893.jpeg,.jpeg,128,128,L
Train,BTR60,HB03894.jpeg,.jpeg,128,128,L
Train,BTR60,HB03895.jpeg,.jpeg,128,128,L
Train,BTR60,HB03896.jpeg,.jpeg,128,128,L
Train,BTR60,HB03897.jpeg,.jpeg,128,128,L
Train,BTR60,HB03898.jpeg,.jpeg,128,128,L
Train,BTR60,HB03900.jpeg,.jpeg,128,128,L
Train,BTR60,HB03901.jpeg,.jpeg,128,128,L
Train,BTR60,HB03902.jpeg,.jpeg,128,128,L
Train,BTR60,HB03903.jpeg,.jpeg,128,128,L
Train,BTR60,HB03904.jpeg,.jpeg,128,128,L
Train,BTR60,HB03905.jpeg,.jpeg,128,128,L
Train,BTR60,HB03906.jpeg,.jpeg,128,128,L
Train,BTR60,HB03907.jpeg,.jpeg,128,128,L
Train,BTR60,HB03908.jpeg,.jpeg,128,128,L
Train,BTR60,HB03909.jpeg,.jpeg,128,128,L
Train,BTR60,HB03910.jpeg,.jpeg,128,128,L
Train,BTR60,HB03911.jpeg,.jpeg,128,128,L
Train,BTR60,HB03912.jpeg,.jpeg,128,128,L
Train,BTR60,HB03913.jpeg,.jpeg,128,128,L
Train,BTR60,HB03914.jpeg,.jpeg,128,128,L
Train,BTR60,HB03915.jpeg,.jpeg,128,128,L
Train,BTR60,HB03916.jpeg,.jpeg,128,128,L
Train,BTR60,HB03917.jpeg,.jpeg,128,128,L
Train,BTR60,HB03918.jpeg,.jpeg,128,128,L
Train,BTR60,HB03919.jpeg,.jpeg,128,128,L
Train,BTR60,HB03920.jpeg,.jpeg,128,128,L
Train,BTR60,HB03922.jpeg,.jpeg,128,128,L
Train,BTR60,HB03923.jpeg,.jpeg,128,128,L
Train,BTR60,HB03924.jpeg,.jpeg,128,128,L
Train,BTR60,HB03925.jpeg,.jpeg,128,128,L
Train,BTR60,HB03926.jpeg,.jpeg,128,128,L
Train,BTR60,HB03927.jpeg,.jpeg,128,128,L
Train,BTR60,HB03928.jpeg,.jpeg,128,128,L
Train,BTR60,HB03929.jpeg,.jpeg,128,128,L
Train,BTR60,HB03930.jpeg,.jpeg,128,128,L
Train,BTR60,HB03931.jpeg,.jpeg,128,128,L
Train,BTR60,HB03932.jpeg,.jpeg,128,128,L
Train,BTR60,HB03933.jpeg,.jpeg,128,128,L
Train,BTR60,HB03934.jpeg,.jpeg,128,128,L
Train,BTR60,HB03935.jpeg,.jpeg,128,128,L
Train,BTR60,HB03936.jpeg,.jpeg,128,128,L
Train,BTR60,HB03938.jpeg,.jpeg,128,128,L
Train,BTR60,HB03939.jpeg,.jpeg,128,128,L
Train,BTR60,HB03940.jpeg,.jpeg,128,128,L
Train,BTR60,HB03941.jpeg,.jpeg,128,128,L
Train,BTR60,HB03942.jpeg,.jpeg,128,128,L
Train,BTR60,HB03943.jpeg,.jpeg,128,128,L
Train,BTR60,HB03944.jpeg,.jpeg,128,128,L
Train,BTR60,HB03945.jpeg,.jpeg,128,128,L
Train,BTR60,HB03946.jpeg,.jpeg,128,128,L
Train,BTR60,HB03947.jpeg,.jpeg,128,128,L
Train,BTR60,HB03948.jpeg,.jpeg,128,128,L
Train,BTR60,HB03949.jpeg,.jpeg,128,128,L
Train,BTR60,HB03950.jpeg,.jpeg,128,128,L
Train,BTR60,HB03951.jpeg,.jpeg,128,128,L
Train,BTR60,HB03952.jpeg,.jpeg,128,128,L
Train,BTR60,HB03953.jpeg,.jpeg,128,128,L
Train,BTR60,HB03954.jpeg,.jpeg,128,128,L
Train,BTR60,HB03955.jpeg,.jpeg,128,128,L
Train,BTR60,HB03956.jpeg,.jpeg,128,128,L
Train,BTR60,HB03957.jpeg,.jpeg,128,128,L
Train,BTR60,HB03958.jpeg,.jpeg,128,128,L
Train,BTR60,HB03959.jpeg,.jpeg,128,128,L
Train,BTR60,HB03960.jpeg,.jpeg,128,128,L
Train,BTR60,HB03962.jpeg,.jpeg,128,128,L
Train,BTR60,HB03963.jpeg,.jpeg,128,128,L
Train,BTR60,HB03964.jpeg,.jpeg,128,128,L
Train,BTR60,HB03965.jpeg,.jpeg,128,128,L
Train,BTR60,HB03967.jpeg,.jpeg,128,128,L
Train,BTR60,HB03968.jpeg,.jpeg,128,128,L
Train,BTR60,HB03969.jpeg,.jpeg,128,128,L
Train,BTR60,HB03970.jpeg,.jpeg,128,128,L
Train,BTR60,HB03971.jpeg,.jpeg,128,128,L
Train,BTR60,HB03972.jpeg,.jpeg,128,128,L
Train,BTR60,HB03973.jpeg,.jpeg,128,128,L
Train,BTR60,HB03974.jpeg,.jpeg,128,128,L
Train,BTR60,HB03975.jpeg,.jpeg,128,128,L
Train,BTR60,HB03976.jpeg,.jpeg,128,128,L
Train,BTR60,HB03977.jpeg,.jpeg,128,128,L
Train,BTR60,HB03978.jpeg,.jpeg,128,128,L
Train,BTR60,HB03979.jpeg,.jpeg,128,128,L
Train,BTR60,HB03980.jpeg,.jpeg,128,128,L
Train,BTR60,HB03981.jpeg,.jpeg,128,128,L
Train,BTR60,HB03982.jpeg,.jpeg,128,128,L
Train,BTR60,HB03983.jpeg,.jpeg,128,128,L
Train,BTR60,HB03985.jpeg,.jpeg,128,128,L
Train,BTR60,HB03986.jpeg,.jpeg,128,128,L
Train,BTR60,HB03987.jpeg,.jpeg,128,128,L
Train,BTR60,HB03988.jpeg,.jpeg,128,128,L
Train,BTR60,HB03989.jpeg,.jpeg,128,128,L
Train,BTR60,HB03990.jpeg,.jpeg,128,128,L
Train,BTR60,HB03991.jpeg,.jpeg,128,128,L
Train,BTR60,HB03992.jpeg,.jpeg,128,128,L
Train,BTR60,HB03993.jpeg,.jpeg,128,128,L
Train,BTR60,HB03994.jpeg,.jpeg,128,128,L
Train,BTR60,HB03995.jpeg,.jpeg,128,128,L
Train,BTR60,HB03998.jpeg,.jpeg,128,128,L
Train,BTR60,HB04000.jpeg,.jpeg,128,128,L
Train,BTR60,HB04001.jpeg,.jpeg,128,128,L
Train,BTR60,HB04002.jpeg,.jpeg,128,128,L
Train,BTR60,HB04003.jpeg,.jpeg,128,128,L
Train,BTR60,HB04004.jpeg,.jpeg,128,128,L
Train,BTR60,HB04005.jpeg,.jpeg,128,128,L
Train,BTR60,HB04006.jpeg,.jpeg,128,128,L
Train,BTR60,HB04007.jpeg,.jpeg,128,128,L
Train,BTR60,HB04008.jpeg,.jpeg,128,128,L
Train,BTR60,HB04009.jpeg,.jpeg,128,128,L
Train,BTR60,HB04010.jpeg,.jpeg,128,128,L
Train,BTR60,HB04011.jpeg,.jpeg,128,128,L
Train,BTR60,HB04012.jpeg,.jpeg,128,128,L
Train,BTR60,HB04013.jpeg,.jpeg,128,128,L
Train,BTR60,HB04014.jpeg,.jpeg,128,128,L
Train,BTR60,HB04015.jpeg,.jpeg,128,128,L
Train,BTR60,HB04016.jpeg,.jpeg,128,128,L
Train,BTR60,HB04017.jpeg,.jpeg,128,128,L
Train,BTR60,HB04018.jpeg,.jpeg,128,128,L
Train,BTR60,HB04020.jpeg,.jpeg,128,128,L
Train,BTR60,HB04021.jpeg,.jpeg,128,128,L
Train,BTR60,HB04022.jpeg,.jpeg,128,128,L
Train,BTR60,HB04023.jpeg,.jpeg,128,128,L
Train,BTR60,HB04024.jpeg,.jpeg,128,128,L
Train,BTR60,HB04025.jpeg,.jpeg,128,128,L
Train,BTR60,HB04026.jpeg,.jpeg,128,128,L
Train,BTR60,HB04027.jpeg,.jpeg,128,128,L
Train,BTR60,HB04028.jpeg,.jpeg,128,128,L
Train,BTR60,HB04029.jpeg,.jpeg,128,128,L
Train,BTR60,HB04030.jpeg,.jpeg,128,128,L
Train,BTR60,HB04033.jpeg,.jpeg,128,128,L
Train,BTR60,HB04034.jpeg,.jpeg,128,128,L
Train,BTR60,HB04035.jpeg,.jpeg,128,128,L
Train,BTR60,HB04036.jpeg,.jpeg,128,128,L
Train,BTR60,HB04037.jpeg,.jpeg,128,128,L
Train,BTR60,HB04038.jpeg,.jpeg,128,128,L
Train,BTR60,HB04039.jpeg,.jpeg,128,128,L
Train,BTR60,HB04040.jpeg,.jpeg,128,128,L
Train,BTR60,HB04041.jpeg,.jpeg,128,128,L
Train,BTR60,HB04042.jpeg,.jpeg,128,128,L
Train,BTR60,HB04043.jpeg,.jpeg,128,128,L
Train,BTR60,HB04046.jpeg,.jpeg,128,128,L
Train,BTR60,HB04047.jpeg,.jpeg,128,128,L
Train,BTR60,HB04048.jpeg,.jpeg,128,128,L
Train,BTR60,HB04049.jpeg,.jpeg,128,128,L
Train,BTR60,HB04050.jpeg,.jpeg,128,128,L
Train,BTR60,HB04051.jpeg,.jpeg,128,128,L
Train,BTR60,HB04054.jpeg,.jpeg,128,128,L
Train,BTR60,HB04055.jpeg,.jpeg,128,128,L
Train,BTR60,HB04056.jpeg,.jpeg,128,128,L
Train,BTR60,HB04057.jpeg,.jpeg,128,128,L
Train,BTR60,HB04058.jpeg,.jpeg,128,128,L
Train,BTR60,HB04059.jpeg,.jpeg,128,128,L
Train,BTR60,HB04060.jpeg,.jpeg,128,128,L
Train,BTR60,HB04061.jpeg,.jpeg,128,128,L
Train,BTR60,HB04062.jpeg,.jpeg,128,128,L
Train,BTR60,HB04063.jpeg,.jpeg,128,128,L
Train,BTR60,HB04064.jpeg,.jpeg,128,128,L
Train,BTR60,HB04065.jpeg,.jpeg,128,128,L
Train,BTR60,HB04066.jpeg,.jpeg,128,128,L
Train,BTR60,HB04067.jpeg,.jpeg,128,128,L
Train,BTR70,HB03787.jpeg,.jpeg,128,128,L
Train,BTR70,HB03788.jpeg,.jpeg,128,128,L
Train,BTR70,HB03790.jpeg,.jpeg,128,128,L
Train,BTR70,HB03792.jpeg,.jpeg,128,128,L
Train,BTR70,HB03793.jpeg,.jpeg,128,128,L
Train,BTR70,HB03794.jpeg,.jpeg,128,128,L
Train,BTR70,HB03796.jpeg,.jpeg,128,128,L
Train,BTR70,HB03797.jpeg,.jpeg,128,128,L
Train,BTR70,HB03798.jpeg,.jpeg,128,128,L
Train,BTR70,HB03799.jpeg,.jpeg,128,128,L
Train,BTR70,HB03800.jpeg,.jpeg,128,128,L
Train,BTR70,HB03801.jpeg,.jpeg,128,128,L
Train,BTR70,HB03802.jpeg,.jpeg,128,128,L
Train,BTR70,HB03803.jpeg,.jpeg,128,128,L
Train,BTR70,HB03804.jpeg,.jpeg,128,128,L
Train,BTR70,HB03805.jpeg,.jpeg,128,128,L
Train,BTR70,HB03806.jpeg,.jpeg,128,128,L
Train,BTR70,HB03807.jpeg,.jpeg,128,128,L
Train,BTR70,HB03808.jpeg,.jpeg,128,128,L
Train,BTR70,HB03809.jpeg,.jpeg,128,128,L
Train,BTR70,HB03810.jpeg,.jpeg,128,128,L
Train,BTR70,HB03811.jpeg,.jpeg,128,128,L
Train,BTR70,HB03812.jpeg,.jpeg,128,128,L
Train,BTR70,HB03813.jpeg,.jpeg,128,128,L
Train,BTR70,HB03814.jpeg,.jpeg,128,128,L
Train,BTR70,HB03815.jpeg,.jpeg,128,128,L
Train,BTR70,HB03817.jpeg,.jpeg,128,128,L
Train,BTR70,HB03818.jpeg,.jpeg,128,128,L
Train,BTR70,HB03819.jpeg,.jpeg,128,128,L
Train,BTR70,HB03820.jpeg,.jpeg,128,128,L
Train,BTR70,HB03821.jpeg,.jpeg,128,128,L
Train,BTR70,HB03822.jpeg,.jpeg,128,128,L
Train,BTR70,HB03823.jpeg,.jpeg,128,128,L
Train,BTR70,HB03824.jpeg,.jpeg,128,128,L
Train,BTR70,HB03825.jpeg,.jpeg,128,128,L
Train,BTR70,HB03826.jpeg,.jpeg,128,128,L
Train,BTR70,HB03827.jpeg,.jpeg,128,128,L
Train,BTR70,HB03828.jpeg,.jpeg,128,128,L
Train,BTR70,HB03829.jpeg,.jpeg,128,128,L
Train,BTR70,HB03830.jpeg,.jpeg,128,128,L
Train,BTR70,HB03831.jpeg,.jpeg,128,128,L
Train,BTR70,HB03832.jpeg,.jpeg,128,128,L
Train,BTR70,HB03833.jpeg,.jpeg,128,128,L
Train,BTR70,HB03834.jpeg,.jpeg,128,128,L
Train,BTR70,HB03836.jpeg,.jpeg,128,128,L
Train,BTR70,HB03837.jpeg,.jpeg,128,128,L
Train,BTR70,HB03838.jpeg,.jpeg,128,128,L
Train,BTR70,HB03839.jpeg,.jpeg,128,128,L
Train,BTR70,HB03840.jpeg,.jpeg,128,128,L
Train,BTR70,HB03841.jpeg,.jpeg,128,128,L
Train,BTR70,HB03842.jpeg,.jpeg,128,128,L
Train,BTR70,HB03843.jpeg,.jpeg,128,128,L
Train,BTR70,HB03844.jpeg,.jpeg,128,128,L
Train,BTR70,HB03846.jpeg,.jpeg,128,128,L
Train,BTR70,HB03847.jpeg,.jpeg,128,128,L
Train,BTR70,HB03848.jpeg,.jpeg,128,128,L
Train,BTR70,HB03849.jpeg,.jpeg,128,128,L
Train,BTR70,HB03850.jpeg,.jpeg,128,128,L
Train,BTR70,HB03851.jpeg,.jpeg,128,128,L
Train,BTR70,HB03852.jpeg,.jpeg,128,128,L
Train,BTR70,HB03854.jpeg,.jpeg,128,128,L
Train,BTR70,HB03855.jpeg,.jpeg,128,128,L
Train,BTR70,HB03856.jpeg,.jpeg,128,128,L
Train,BTR70,HB03857.jpeg,.jpeg,128,128,L
Train,BTR70,HB03858.jpeg,.jpeg,128,128,L
Train,BTR70,HB03859.jpeg,.jpeg,128,128,L
Train,BTR70,HB03860.jpeg,.jpeg,128,128,L
Train,BTR70,HB03862.jpeg,.jpeg,128,128,L
Train,BTR70,HB03863.jpeg,.jpeg,128,128,L
Train,BTR70,HB03864.jpeg,.jpeg,128,128,L
Train,BTR70,HB03865.jpeg,.jpeg,128,128,L
Train,BTR70,HB03866.jpeg,.jpeg,128,128,L
Train,BTR70,HB03867.jpeg,.jpeg,128,128,L
Train,BTR70,HB03868.jpeg,.jpeg,128,128,L
Train,BTR70,HB03869.jpeg,.jpeg,128,128,L
Train,BTR70,HB03870.jpeg,.jpeg,128,128,L
Train,BTR70,HB03871.jpeg,.jpeg,128,128,L
Train,BTR70,HB03872.jpeg,.jpeg,128,128,L
Train,BTR70,HB03873.jpeg,.jpeg,128,128,L
Train,BTR70,HB03874.jpeg,.jpeg,128,128,L
Train,BTR70,HB03875.jpeg,.jpeg,128,128,L
Train,BTR70,HB03876.jpeg,.jpeg,128,128,L
Train,BTR70,HB03877.jpeg,.jpeg,128,128,L
Train,BTR70,HB03878.jpeg,.jpeg,128,128,L
Train,BTR70,HB03879.jpeg,.jpeg,128,128,L
Train,BTR70,HB03880.jpeg,.jpeg,128,128,L
Train,BTR70,HB03881.jpeg,.jpeg,128,128,L
Train,BTR70,HB03882.jpeg,.jpeg,128,128,L
Train,BTR70,HB03883.jpeg,.jpeg,128,128,L
Train,BTR70,HB03884.jpeg,.jpeg,128,128,L
Train,BTR70,HB03885.jpeg,.jpeg,128,128,L
Train,BTR70,HB03886.jpeg,.jpeg,128,128,L
Train,BTR70,HB03887.jpeg,.jpeg,128,128,L
Train,BTR70,HB03889.jpeg,.jpeg,128,128,L
Train,BTR70,HB03890.jpeg,.jpeg,128,128,L
Train,BTR70,HB03891.jpeg,.jpeg,128,128,L
Train,BTR70,HB03892.jpeg,.jpeg,128,128,L
Train,BTR70,HB03893.jpeg,.jpeg,128,128,L
Train,BTR70,HB03894.jpeg,.jpeg,128,128,L
Train,BTR70,HB03895.jpeg,.jpeg,128,128,L
Train,BTR70,HB03896.jpeg,.jpeg,128,128,L
Train,BTR70,HB03897.jpeg,.jpeg,128,128,L
Train,BTR70,HB03898.jpeg,.jpeg,128,128,L
Train,BTR70,HB03900.jpeg,.jpeg,128,128,L
Train,BTR70,HB03901.jpeg,.jpeg,128,128,L
Train,BTR70,HB03902.jpeg,.jpeg,128,128,L
Train,BTR70,HB03903.jpeg,.jpeg,128,128,L
Train,BTR70,HB03904.jpeg,.jpeg,128,128,L
Train,BTR70,HB03905.jpeg,.jpeg,128,128,L
Train,BTR70,HB03906.jpeg,.jpeg,128,128,L
Train,BTR70,HB03907.jpeg,.jpeg,128,128,L
Train,BTR70,HB03908.jpeg,.jpeg,128,128,L
Train,BTR70,HB03909.jpeg,.jpeg,128,128,L
Train,BTR70,HB03910.jpeg,.jpeg,128,128,L
Train,BTR70,HB03911.jpeg,.jpeg,128,128,L
Train,BTR70,HB03912.jpeg,.jpeg,128,128,L
Train,BTR70,HB03913.jpeg,.jpeg,128,128,L
Train,BTR70,HB03914.jpeg,.jpeg,128,128,L
Train,BTR70,HB03915.jpeg,.jpeg,128,128,L
Train,BTR70,HB03916.jpeg,.jpeg,128,128,L
Train,BTR70,HB03917.jpeg,.jpeg,128,128,L
Train,BTR70,HB03918.jpeg,.jpeg,128,128,L
Train,BTR70,HB03919.jpeg,.jpeg,128,128,L
Train,BTR70,HB03920.jpeg,.jpeg,128,128,L
Train,BTR70,HB03922.jpeg,.jpeg,128,128,L
Train,BTR70,HB03923.jpeg,.jpeg,128,128,L
Train,BTR70,HB03924.jpeg,.jpeg,128,128,L
Train,BTR70,HB03925.jpeg,.jpeg,128,128,L
Train,BTR70,HB03926.jpeg,.jpeg,128,128,L
Train,BTR70,HB03927.jpeg,.jpeg,128,128,L
Train,BTR70,HB03928.jpeg,.jpeg,128,128,L
Train,BTR70,HB03929.jpeg,.jpeg,128,128,L
Train,BTR70,HB03930.jpeg,.jpeg,128,128,L
Train,BTR70,HB03931.jpeg,.jpeg,128,128,L
Train,BTR70,HB03932.jpeg,.jpeg,128,128,L
Train,BTR70,HB03933.jpeg,.jpeg,128,128,L
Train,BTR70,HB03934.jpeg,.jpeg,128,128,L
Train,BTR70,HB03935.jpeg,.jpeg,128,128,L
Train,BTR70,HB03936.jpeg,.jpeg,128,128,L
Train,BTR70,HB03938.jpeg,.jpeg,128,128,L
Train,BTR70,HB03939.jpeg,.jpeg,128,128,L
Train,BTR70,HB03940.jpeg,.jpeg,128,128,L
Train,BTR70,HB03941.jpeg,.jpeg,128,128,L
Train,BTR70,HB03942.jpeg,.jpeg,128,128,L
Train,BTR70,HB03943.jpeg,.jpeg,128,128,L
Train,BTR70,HB03944.jpeg,.jpeg,128,128,L
Train,BTR70,HB03945.jpeg,.jpeg,128,128,L
Train,BTR70,HB03946.jpeg,.jpeg,128,128,L
Train,BTR70,HB03947.jpeg,.jpeg,128,128,L
Train,BTR70,HB03948.jpeg,.jpeg,128,128,L
Train,BTR70,HB03949.jpeg,.jpeg,128,128,L
Train,BTR70,HB03950.jpeg,.jpeg,128,128,L
Train,BTR70,HB03951.jpeg,.jpeg,128,128,L
Train,BTR70,HB03952.jpeg,.jpeg,128,128,L
Train,BTR70,HB03953.jpeg,.jpeg,128,128,L
Train,BTR70,HB03954.jpeg,.jpeg,128,128,L
Train,BTR70,HB03955.jpeg,.jpeg,128,128,L
Train,BTR70,HB03956.jpeg,.jpeg,128,128,L
Train,BTR70,HB03957.jpeg,.jpeg,128,128,L
Train,BTR70,HB03958.jpeg,.jpeg,128,128,L
Train,BTR70,HB03959.jpeg,.jpeg,128,128,L
Train,BTR70,HB03960.jpeg,.jpeg,128,128,L
Train,BTR70,HB03962.jpeg,.jpeg,128,128,L
Train,BTR70,HB03963.jpeg,.jpeg,128,128,L
Train,BTR70,HB03964.jpeg,.jpeg,128,128,L
Train,BTR70,HB03965.jpeg,.jpeg,128,128,L
Train,BTR70,HB03967.jpeg,.jpeg,128,128,L
Train,BTR70,HB03968.jpeg,.jpeg,128,128,L
Train,BTR70,HB03969.jpeg,.jpeg,128,128,L
Train,BTR70,HB03970.jpeg,.jpeg,128,128,L
Train,BTR70,HB03971.jpeg,.jpeg,128,128,L
Train,BTR70,HB03972.jpeg,.jpeg,128,128,L
Train,BTR70,HB03973.jpeg,.jpeg,128,128,L
Train,BTR70,HB03974.jpeg,.jpeg,128,128,L
Train,BTR70,HB03975.jpeg,.jpeg,128,128,L
Train,BTR70,HB03976.jpeg,.jpeg,128,128,L
Train,BTR70,HB03977.jpeg,.jpeg,128,128,L
Train,BTR70,HB03978.jpeg,.jpeg,128,128,L
Train,BTR70,HB03979.jpeg,.jpeg,128,128,L
Train,BTR70,HB03980.jpeg,.jpeg,128,128,L
Train,BTR70,HB03981.jpeg,.jpeg,128,128,L
Train,BTR70,HB03982.jpeg,.jpeg,128,128,L
Train,BTR70,HB03983.jpeg,.jpeg,128,128,L
Train,BTR70,HB03985.jpeg,.jpeg,128,128,L
Train,BTR70,HB03986.jpeg,.jpeg,128,128,L
Train,BTR70,HB03987.jpeg,.jpeg,128,128,L
Train,BTR70,HB03988.jpeg,.jpeg,128,128,L
Train,BTR70,HB03989.jpeg,.jpeg,128,128,L
Train,BTR70,HB03990.jpeg,.jpeg,128,128,L
Train,BTR70,HB03991.jpeg,.jpeg,128,128,L
Train,BTR70,HB03992.jpeg,.jpeg,128,128,L
Train,BTR70,HB03993.jpeg,.jpeg,128,128,L
Train,BTR70,HB03994.jpeg,.jpeg,128,128,L
Train,BTR70,HB03995.jpeg,.jpeg,128,128,L
Train,BTR70,HB03998.jpeg,.jpeg,128,128,L
Train,BTR70,HB04000.jpeg,.jpeg,128,128,L
Train,BTR70,HB04001.jpeg,.jpeg,128,128,L
Train,BTR70,HB04002.jpeg,.jpeg,128,128,L
Train,BTR70,HB04003.jpeg,.jpeg,128,128,L
Train,BTR70,HB04004.jpeg,.jpeg,128,128,L
Train,BTR70,HB04005.jpeg,.jpeg,128,128,L
Train,BTR70,HB04006.jpeg,.jpeg,128,128,L
Train,BTR70,HB04007.jpeg,.jpeg,128,128,L
Train,BTR70,HB04008.jpeg,.jpeg,128,128,L
Train,BTR70,HB04009.jpeg,.jpeg,128,128,L
Train,BTR70,HB04010.jpeg,.jpeg,128,128,L
Train,BTR70,HB04011.jpeg,.jpeg,128,128,L
Train,BTR70,HB04012.jpeg,.jpeg,128,128,L
Train,BTR70,HB04013.jpeg,.jpeg,128,128,L
Train,BTR70,HB04014.jpeg,.jpeg,128,128,L
Train,BTR70,HB04015.jpeg,.jpeg,128,128,L
Train,BTR70,HB04016.jpeg,.jpeg,128,128,L
Train,BTR70,HB04017.jpeg,.jpeg,128,128,L
Train,BTR70,HB04018.jpeg,.jpeg,128,128,L
Train,BTR70,HB04020.jpeg,.jpeg,128,128,L
Train,BTR70,HB04021.jpeg,.jpeg,128,128,L
Train,BTR70,HB04022.jpeg,.jpeg,128,128,L
Train,BTR70,HB04023.jpeg,.jpeg,128,128,L
Train,BTR70,HB04024.jpeg,.jpeg,128,128,L
Train,BTR70,HB04025.jpeg,.jpeg,128,128,L
Train,BTR70,HB04026.jpeg,.jpeg,128,128,L
Train,BTR70,HB04027.jpeg,.jpeg,128,128,L
Train,BTR70,HB04028.jpeg,.jpeg,128,128,L
Train,BTR70,HB04029.jpeg,.jpeg,128,128,L
Train,BTR70,HB04030.jpeg,.jpeg,128,128,L
Train,BTR70,HB04033.jpeg,.jpeg,128,128,L
Train,BTR70,HB04034.jpeg,.jpeg,128,128,L
Train,BTR70,HB04035.jpeg,.jpeg,128,128,L
Train,BTR70,HB04036.jpeg,.jpeg,128,128,L
Train,BTR70,HB04037.jpeg,.jpeg,128,128,L
Train,BTR70,HB04038.jpeg,.jpeg,128,128,L
Train,BTR70,HB04039.jpeg,.jpeg,128,128,L
Train,BTR70,HB04040.jpeg,.jpeg,128,128,L
Train,D7,HB19377.jpeg,.jpeg,178,177,L
Train,D7,HB19379.jpeg,.jpeg,178,177,L
Train,D7,HB19381.jpeg,.jpeg,178,177,L
Train,D7,HB19383.jpeg,.jpeg,178,177,L
Train,D7,HB19389.jpeg,.jpeg,178,177,L
Train,D7,HB19390.jpeg,.jpeg,178,177,L
Train,D7,HB19394.jpeg,.jpeg,178,177,L
Train,D7,HB19396.jpeg,.jpeg,178,177,L
Train,D7,HB19398.jpeg,.jpeg,178,177,L
Train,D7,HB19400.jpeg,.jpeg,178,177,L
Train,D7,HB19402.jpeg,.jpeg,178,177,L
Train,D7,HB19404.jpeg,.jpeg,178,177,L
Train,D7,HB19406.jpeg,.jpeg,178,177,L
Train,D7,HB19408.jpeg,.jpeg,178,177,L
Train,D7,HB19410.jpeg,.jpeg,178,177,L
Train,D7,HB19412.jpeg,.jpeg,178,177,L
Train,D7,HB19414.jpeg,.jpeg,178,177,L
Train,D7,HB19416.jpeg,.jpeg,178,177,L
Train,D7,HB19418.jpeg,.jpeg,178,177,L
Train,D7,HB19420.jpeg,.jpeg,178,177,L
Train,D7,HB19422.jpeg,.jpeg,178,177,L
Train,D7,HB19424.jpeg,.jpeg,178,177,L
Train,D7,HB19426.jpeg,.jpeg,178,177,L
Train,D7,HB19430.jpeg,.jpeg,178,177,L
Train,D7,HB19432.jpeg,.jpeg,178,177,L
Train,D7,HB19434.jpeg,.jpeg,178,177,L
Train,D7,HB19436.jpeg,.jpeg,178,177,L
Train,D7,HB19438.jpeg,.jpeg,178,177,L
Train,D7,HB19440.jpeg,.jpeg,178,177,L
Train,D7,HB19442.jpeg,.jpeg,178,177,L
Train,D7,HB19444.jpeg,.jpeg,178,177,L
Train,D7,HB19446.jpeg,.jpeg,178,177,L
Train,D7,HB19448.jpeg,.jpeg,178,177,L
Train,D7,HB19450.jpeg,.jpeg,178,177,L
Train,D7,HB19454.jpeg,.jpeg,178,177,L
Train,D7,HB19456.jpeg,.jpeg,178,177,L
Train,D7,HB19458.jpeg,.jpeg,178,177,L
Train,D7,HB19460.jpeg,.jpeg,178,177,L
Train,D7,HB19462.jpeg,.jpeg,178,177,L
Train,D7,HB19464.jpeg,.jpeg,178,177,L
Train,D7,HB19466.jpeg,.jpeg,178,177,L
Train,D7,HB19468.jpeg,.jpeg,178,177,L
Train,D7,HB19470.jpeg,.jpeg,178,177,L
Train,D7,HB19472.jpeg,.jpeg,178,177,L
Train,D7,HB19474.jpeg,.jpeg,178,177,L
Train,D7,HB19476.jpeg,.jpeg,178,177,L
Train,D7,HB19478.jpeg,.jpeg,178,177,L
Train,D7,HB19479.jpeg,.jpeg,178,177,L
Train,D7,HB19481.jpeg,.jpeg,178,177,L
Train,D7,HB19483.jpeg,.jpeg,178,177,L
Train,D7,HB19487.jpeg,.jpeg,178,177,L
Train,D7,HB19491.jpeg,.jpeg,178,177,L
Train,D7,HB19495.jpeg,.jpeg,178,177,L
Train,D7,HB19499.jpeg,.jpeg,178,177,L
Train,D7,HB19501.jpeg,.jpeg,178,177,L
Train,D7,HB19503.jpeg,.jpeg,178,177,L
Train,D7,HB19505.jpeg,.jpeg,178,177,L
Train,D7,HB19507.jpeg,.jpeg,178,177,L
Train,D7,HB19508.jpeg,.jpeg,178,177,L
Train,D7,HB19512.jpeg,.jpeg,178,177,L
Train,D7,HB19514.jpeg,.jpeg,178,177,L
Train,D7,HB19516.jpeg,.jpeg,178,177,L
Train,D7,HB19518.jpeg,.jpeg,178,177,L
Train,D7,HB19520.jpeg,.jpeg,178,177,L
Train,D7,HB19522.jpeg,.jpeg,178,177,L
Train,D7,HB19526.jpeg,.jpeg,178,177,L
Train,D7,HB19528.jpeg,.jpeg,178,177,L
Train,D7,HB19530.jpeg,.jpeg,178,177,L
Train,D7,HB19534.jpeg,.jpeg,178,177,L
Train,D7,HB19536.jpeg,.jpeg,178,177,L
Train,D7,HB19538.jpeg,.jpeg,178,177,L
Train,D7,HB19540.jpeg,.jpeg,178,177,L
Train,D7,HB19542.jpeg,.jpeg,178,177,L
Train,D7,HB19544.jpeg,.jpeg,178,177,L
Train,D7,HB19545.jpeg,.jpeg,178,177,L
Train,D7,HB19547.jpeg,.jpeg,178,177,L
Train,D7,HB19549.jpeg,.jpeg,178,177,L
Train,D7,HB19551.jpeg,.jpeg,178,177,L
Train,D7,HB19553.jpeg,.jpeg,178,177,L
Train,D7,HB19555.jpeg,.jpeg,178,177,L
Train,D7,HB19557.jpeg,.jpeg,178,177,L
Train,D7,HB19559.jpeg,.jpeg,178,177,L
Train,D7,HB19561.jpeg,.jpeg,178,177,L
Train,D7,HB19563.jpeg,.jpeg,178,177,L
Train,D7,HB19567.jpeg,.jpeg,178,177,L
Train,D7,HB19569.jpeg,.jpeg,178,177,L
Train,D7,HB19571.jpeg,.jpeg,178,177,L
Train,D7,HB19573.jpeg,.jpeg,178,177,L
Train,D7,HB19575.jpeg,.jpeg,178,177,L
Train,D7,HB19579.jpeg,.jpeg,178,177,L
Train,D7,HB19581.jpeg,.jpeg,178,177,L
Train,D7,HB19583.jpeg,.jpeg,178,177,L
Train,D7,HB19780.jpeg,.jpeg,178,177,L
Train,D7,HB19781.jpeg,.jpeg,178,177,L
Train,D7,HB19782.jpeg,.jpeg,178,177,L
Train,D7,HB19783.jpeg,.jpeg,178,177,L
Train,D7,HB19784.jpeg,.jpeg,178,177,L
Train,D7,HB19785.jpeg,.jpeg,178,177,L
Train,D7,HB19786.jpeg,.jpeg,178,177,L
Train,D7,HB19787.jpeg,.jpeg,178,177,L
Train,D7,HB19788.jpeg,.jpeg,178,177,L
Train,D7,HB19789.jpeg,.jpeg,178,177,L
Train,D7,HB19790.jpeg,.jpeg,178,177,L
Train,D7,HB19791.jpeg,.jpeg,178,177,L
Train,D7,HB19792.jpeg,.jpeg,178,177,L
Train,D7,HB19793.jpeg,.jpeg,178,177,L
Train,D7,HB19794.jpeg,.jpeg,178,177,L
Train,D7,HB19795.jpeg,.jpeg,178,177,L
Train,D7,HB19797.jpeg,.jpeg,178,177,L
Train,D7,HB19798.jpeg,.jpeg,178,177,L
Train,D7,HB19799.jpeg,.jpeg,178,177,L
Train,D7,HB19801.jpeg,.jpeg,178,177,L
Train,D7,HB19803.jpeg,.jpeg,178,177,L
Train,D7,HB19804.jpeg,.jpeg,178,177,L
Train,D7,HB19805.jpeg,.jpeg,178,177,L
Train,D7,HB19806.jpeg,.jpeg,178,177,L
Train,D7,HB19807.jpeg,.jpeg,178,177,L
Train,D7,HB19808.jpeg,.jpeg,178,177,L
Train,D7,HB19809.jpeg,.jpeg,178,177,L
Train,D7,HB19810.jpeg,.jpeg,178,177,L
Train,D7,HB19811.jpeg,.jpeg,178,177,L
Train,D7,HB19812.jpeg,.jpeg,178,177,L
Train,D7,HB19813.jpeg,.jpeg,178,177,L
Train,D7,HB19814.jpeg,.jpeg,178,177,L
Train,D7,HB19816.jpeg,.jpeg,178,177,L
Train,D7,HB19817.jpeg,.jpeg,178,177,L
Train,D7,HB19818.jpeg,.jpeg,178,177,L
Train,D7,HB19820.jpeg,.jpeg,178,177,L
Train,D7,HB19821.jpeg,.jpeg,178,177,L
Train,D7,HB19822.jpeg,.jpeg,178,177,L
Train,D7,HB19823.jpeg,.jpeg,178,177,L
Train,D7,HB19824.jpeg,.jpeg,178,177,L
Train,D7,HB19825.jpeg,.jpeg,178,177,L
Train,D7,HB19826.jpeg,.jpeg,178,177,L
Train,D7,HB19827.jpeg,.jpeg,178,177,L
Train,D7,HB19828.jpeg,.jpeg,178,177,L
Train,D7,HB19829.jpeg,.jpeg,178,177,L
Train,D7,HB19830.jpeg,.jpeg,178,177,L
Train,D7,HB19831.jpeg,.jpeg,178,177,L
Train,D7,HB19833.jpeg,.jpeg,178,177,L
Train,D7,HB19834.jpeg,.jpeg,178,177,L
Train,D7,HB19835.jpeg,.jpeg,178,177,L
Train,D7,HB19836.jpeg,.jpeg,178,177,L
Train,D7,HB19838.jpeg,.jpeg,178,177,L
Train,D7,HB19839.jpeg,.jpeg,178,177,L
Train,D7,HB19840.jpeg,.jpeg,178,177,L
Train,D7,HB19841.jpeg,.jpeg,178,177,L
Train,D7,HB19842.jpeg,.jpeg,178,177,L
Train,D7,HB19843.jpeg,.jpeg,178,177,L
Train,D7,HB19844.jpeg,.jpeg,178,177,L
Train,D7,HB19845.jpeg,.jpeg,178,177,L
Train,D7,HB19846.jpeg,.jpeg,178,177,L
Train,D7,HB19847.jpeg,.jpeg,178,177,L
Train,D7,HB19848.jpeg,.jpeg,178,177,L
Train,D7,HB19849.jpeg,.jpeg,178,177,L
Train,D7,HB19850.jpeg,.jpeg,178,177,L
Train,D7,HB19851.jpeg,.jpeg,178,177,L
Train,D7,HB19852.jpeg,.jpeg,178,177,L
Train,D7,HB19853.jpeg,.jpeg,178,177,L
Train,D7,HB19854.jpeg,.jpeg,178,177,L
Train,D7,HB19855.jpeg,.jpeg,178,177,L
Train,D7,HB19856.jpeg,.jpeg,178,177,L
Train,D7,HB19857.jpeg,.jpeg,178,177,L
Train,D7,HB19858.jpeg,.jpeg,178,177,L
Train,D7,HB19859.jpeg,.jpeg,178,177,L
Train,D7,HB19860.jpeg,.jpeg,178,177,L
Train,D7,HB19861.jpeg,.jpeg,178,177,L
Train,D7,HB19862.jpeg,.jpeg,178,177,L
Train,D7,HB19863.jpeg,.jpeg,178,177,L
Train,D7,HB19864.jpeg,.jpeg,178,177,L
Train,D7,HB19865.jpeg,.jpeg,178,177,L
Train,D7,HB19867.jpeg,.jpeg,178,177,L
Train,D7,HB19868.jpeg,.jpeg,178,177,L
Train,D7,HB19869.jpeg,.jpeg,178,177,L
Train,D7,HB19871.jpeg,.jpeg,178,177,L
Train,D7,HB19872.jpeg,.jpeg,178,177,L
Train,D7,HB19873.jpeg,.jpeg,178,177,L
Train,D7,HB19874.jpeg,.jpeg,178,177,L
Train,D7,HB19875.jpeg,.jpeg,178,177,L
Train,D7,HB19876.jpeg,.jpeg,178,177,L
Train,D7,HB19877.jpeg,.jpeg,178,177,L
Train,D7,HB19878.jpeg,.jpeg,178,177,L
Train,D7,HB19879.jpeg,.jpeg,178,177,L
Train,D7,HB19880.jpeg,.jpeg,178,177,L
Train,D7,HB19881.jpeg,.jpeg,178,177,L
Train,D7,HB19882.jpeg,.jpeg,178,177,L
Train,D7,HB19883.jpeg,.jpeg,178,177,L
Train,D7,HB19884.jpeg,.jpeg,178,177,L
Train,D7,HB19885.jpeg,.jpeg,178,177,L
Train,D7,HB19887.jpeg,.jpeg,178,177,L
Train,D7,HB19888.jpeg,.jpeg,178,177,L
Train,D7,HB19889.jpeg,.jpeg,178,177,L
Train,D7,HB19890.jpeg,.jpeg,178,177,L
Train,D7,HB19891.jpeg,.jpeg,178,177,L
Train,D7,HB19892.jpeg,.jpeg,178,177,L
Train,D7,HB19893.jpeg,.jpeg,178,177,L
Train,D7,HB19894.jpeg,.jpeg,178,177,L
Train,D7,HB19895.jpeg,.jpeg,178,177,L
Train,D7,HB19896.jpeg,.jpeg,178,177,L
Train,D7,HB19897.jpeg,.jpeg,178,177,L
Train,D7,HB19898.jpeg,.jpeg,178,177,L
Train,D7,HB19899.jpeg,.jpeg,178,177,L
Train,D7,HB19901.jpeg,.jpeg,178,177,L
Train,D7,HB19902.jpeg,.jpeg,178,177,L
Train,D7,HB19903.jpeg,.jpeg,178,177,L
Train,D7,HB19906.jpeg,.jpeg,178,177,L
Train,D7,HB19907.jpeg,.jpeg,178,177,L
Train,D7,HB19908.jpeg,.jpeg,178,177,L
Train,D7,HB19909.jpeg,.jpeg,178,177,L
Train,D7,HB19910.jpeg,.jpeg,178,177,L
Train,D7,HB19911.jpeg,.jpeg,178,177,L
Train,D7,HB19912.jpeg,.jpeg,178,177,L
Train,D7,HB19913.jpeg,.jpeg,178,177,L
Train,D7,HB19914.jpeg,.jpeg,178,177,L
Train,D7,HB19915.jpeg,.jpeg,178,177,L
Train,D7,HB19916.jpeg,.jpeg,178,177,L
Train,D7,HB19917.jpeg,.jpeg,178,177,L
Train,D7,HB19918.jpeg,.jpeg,178,177,L
Train,D7,HB19919.jpeg,.jpeg,178,177,L
Train,D7,HB19920.jpeg,.jpeg,178,177,L
Train,D7,HB19923.jpeg,.jpeg,178,177,L
Train,D7,HB19924.jpeg,.jpeg,178,177,L
Train,D7,HB19925.jpeg,.jpeg,178,177,L
Train,D7,HB19926.jpeg,.jpeg,178,177,L
Train,D7,HB19927.jpeg,.jpeg,178,177,L
Train,D7,HB19928.jpeg,.jpeg,178,177,L
Train,D7,HB19929.jpeg,.jpeg,178,177,L
Train,D7,HB19930.jpeg,.jpeg,178,177,L
Train,D7,HB19931.jpeg,.jpeg,178,177,L
Train,D7,HB19932.jpeg,.jpeg,178,177,L
Train,D7,HB19933.jpeg,.jpeg,178,177,L
Train,D7,HB19934.jpeg,.jpeg,178,177,L
Train,D7,HB19935.jpeg,.jpeg,178,177,L
Train,D7,HB19936.jpeg,.jpeg,178,177,L
Train,D7,HB19938.jpeg,.jpeg,178,177,L
Train,D7,HB19939.jpeg,.jpeg,178,177,L
Train,D7,HB19941.jpeg,.jpeg,178,177,L
Train,D7,HB19942.jpeg,.jpeg,178,177,L
Train,D7,HB19943.jpeg,.jpeg,178,177,L
Train,D7,HB19944.jpeg,.jpeg,178,177,L
Train,D7,HB19945.jpeg,.jpeg,178,177,L
Train,D7,HB19946.jpeg,.jpeg,178,177,L
Train,D7,HB19947.jpeg,.jpeg,178,177,L
Train,D7,HB19949.jpeg,.jpeg,178,177,L
Train,D7,HB19950.jpeg,.jpeg,178,177,L
Train,D7,HB19951.jpeg,.jpeg,178,177,L
Train,D7,HB19952.jpeg,.jpeg,178,177,L
Train,D7,HB19953.jpeg,.jpeg,178,177,L
Train,D7,HB19954.jpeg,.jpeg,178,177,L
Train,D7,HB19955.jpeg,.jpeg,178,177,L
Train,D7,HB19957.jpeg,.jpeg,178,177,L
Train,D7,HB19958.jpeg,.jpeg,178,177,L
Train,D7,HB19959.jpeg,.jpeg,178,177,L
Train,D7,HB19960.jpeg,.jpeg,178,177,L
Train,D7,HB19961.jpeg,.jpeg,178,177,L
Train,D7,HB19962.jpeg,.jpeg,178,177,L
Train,D7,HB19963.jpeg,.jpeg,178,177,L
Train,D7,HB19964.jpeg,.jpeg,178,177,L
Train,D7,HB19965.jpeg,.jpeg,178,177,L
Train,D7,HB19966.jpeg,.jpeg,178,177,L
Train,D7,HB19967.jpeg,.jpeg,178,177,L
Train,D7,HB19968.jpeg,.jpeg,178,177,L
Train,D7,HB19969.jpeg,.jpeg,178,177,L
Train,D7,HB19971.jpeg,.jpeg,178,177,L
Train,D7,HB19972.jpeg,.jpeg,178,177,L
Train,D7,HB19973.jpeg,.jpeg,178,177,L
Train,D7,HB19975.jpeg,.jpeg,178,177,L
Train,D7,HB19976.jpeg,.jpeg,178,177,L
Train,D7,HB19977.jpeg,.jpeg,178,177,L
Train,D7,HB19978.jpeg,.jpeg,178,177,L
Train,D7,HB19979.jpeg,.jpeg,178,177,L
Train,D7,HB19980.jpeg,.jpeg,178,177,L
Train,D7,HB19981.jpeg,.jpeg,178,177,L
Train,D7,HB19982.jpeg,.jpeg,178,177,L
Train,D7,HB19983.jpeg,.jpeg,178,177,L
Train,D7,HB19984.jpeg,.jpeg,178,177,L
Train,D7,HB19986.jpeg,.jpeg,178,177,L
Train,D7,HB19987.jpeg,.jpeg,178,177,L
Train,D7,HB19988.jpeg,.jpeg,178,177,L
Train,D7,HB19989.jpeg,.jpeg,178,177,L
Train,D7,HB19990.jpeg,.jpeg,178,177,L
Train,D7,HB19992.jpeg,.jpeg,178,177,L
Train,D7,HB19993.jpeg,.jpeg,178,177,L
Train,D7,HB19994.jpeg,.jpeg,178,177,L
Train,D7,HB19995.jpeg,.jpeg,178,177,L
Train,D7,HB19996.jpeg,.jpeg,178,177,L
Train,D7,HB19997.jpeg,.jpeg,178,177,L
Train,D7,HB19998.jpeg,.jpeg,178,177,L
Train,D7,HB19999.jpeg,.jpeg,178,177,L
Train,D7,HB20000.jpeg,.jpeg,178,177,L
Train,D7,HB20001.jpeg,.jpeg,178,177,L
Train,D7,HB20002.jpeg,.jpeg,178,177,L
Train,D7,HB20007.jpeg,.jpeg,178,177,L
Train,D7,HB20008.jpeg,.jpeg,178,177,L
Train,D7,HB20009.jpeg,.jpeg,178,177,L
Train,D7,HB20010.jpeg,.jpeg,178,177,L
Train,D7,HB20011.jpeg,.jpeg,178,177,L
Train,D7,HB20012.jpeg,.jpeg,178,177,L
Train,D7,HB20013.jpeg,.jpeg,178,177,L
Train,SLICY,HB19377.jpeg,.jpeg,54,54,L
Train,SLICY,HB19379.jpeg,.jpeg,54,54,L
Train,SLICY,HB19381.jpeg,.jpeg,54,54,L
Train,SLICY,HB19383.jpeg,.jpeg,54,54,L
Train,SLICY,HB19389.jpeg,.jpeg,54,54,L
Train,SLICY,HB19390.jpeg,.jpeg,54,54,L
Train,SLICY,HB19394.jpeg,.jpeg,54,54,L
Train,SLICY,HB19396.jpeg,.jpeg,54,54,L
Train,SLICY,HB19398.jpeg,.jpeg,54,54,L
Train,SLICY,HB19400.jpeg,.jpeg,54,54,L
Train,SLICY,HB19402.jpeg,.jpeg,54,54,L
Train,SLICY,HB19404.jpeg,.jpeg,54,54,L
Train,SLICY,HB19406.jpeg,.jpeg,54,54,L
Train,SLICY,HB19408.jpeg,.jpeg,54,54,L
Train,SLICY,HB19410.jpeg,.jpeg,54,54,L
Train,SLICY,HB19412.jpeg,.jpeg,54,54,L
Train,SLICY,HB19414.jpeg,.jpeg,54,54,L
Train,SLICY,HB19416.jpeg,.jpeg,54,54,L
Train,SLICY,HB19418.jpeg,.jpeg,54,54,L
Train,SLICY,HB19420.jpeg,.jpeg,54,54,L
Train,SLICY,HB19422.jpeg,.jpeg,54,54,L
Train,SLICY,HB19424.jpeg,.jpeg,54,54,L
Train,SLICY,HB19426.jpeg,.jpeg,54,54,L
Train,SLICY,HB19430.jpeg,.jpeg,54,54,L
Train,SLICY,HB19432.jpeg,.jpeg,54,54,L
Train,SLICY,HB19434.jpeg,.jpeg,54,54,L
Train,SLICY,HB19436.jpeg,.jpeg,54,54,L
Train,SLICY,HB19438.jpeg,.jpeg,54,54,L
Train,SLICY,HB19440.jpeg,.jpeg,54,54,L
Train,SLICY,HB19442.jpeg,.jpeg,54,54,L
Train,SLICY,HB19444.jpeg,.jpeg,54,54,L
Train,SLICY,HB19446.jpeg,.jpeg,54,54,L
Train,SLICY,HB19448.jpeg,.jpeg,54,54,L
Train,SLICY,HB19450.jpeg,.jpeg,54,54,L
Train,SLICY,HB19454.jpeg,.jpeg,54,54,L
Train,SLICY,HB19456.jpeg,.jpeg,54,54,L
Train,SLICY,HB19458.jpeg,.jpeg,54,54,L
Train,SLICY,HB19460.jpeg,.jpeg,54,54,L
Train,SLICY,HB19462.jpeg,.jpeg,54,54,L
Train,SLICY,HB19464.jpeg,.jpeg,54,54,L
Train,SLICY,HB19466.jpeg,.jpeg,54,54,L
Train,SLICY,HB19468.jpeg,.jpeg,54,54,L
Train,SLICY,HB19470.jpeg,.jpeg,54,54,L
Train,SLICY,HB19472.jpeg,.jpeg,54,54,L
Train,SLICY,HB19474.jpeg,.jpeg,54,54,L
Train,SLICY,HB19476.jpeg,.jpeg,54,54,L
Train,SLICY,HB19478.jpeg,.jpeg,54,54,L
Train,SLICY,HB19479.jpeg,.jpeg,54,54,L
Train,SLICY,HB19481.jpeg,.jpeg,54,54,L
Train,SLICY,HB19483.jpeg,.jpeg,54,54,L
Train,SLICY,HB19487.jpeg,.jpeg,54,54,L
Train,SLICY,HB19491.jpeg,.jpeg,54,54,L
Train,SLICY,HB19495.jpeg,.jpeg,54,54,L
Train,SLICY,HB19499.jpeg,.jpeg,54,54,L
Train,SLICY,HB19501.jpeg,.jpeg,54,54,L
Train,SLICY,HB19503.jpeg,.jpeg,54,54,L
Train,SLICY,HB19505.jpeg,.jpeg,54,54,L
Train,SLICY,HB19507.jpeg,.jpeg,54,54,L
Train,SLICY,HB19508.jpeg,.jpeg,54,54,L
Train,SLICY,HB19512.jpeg,.jpeg,54,54,L
Train,SLICY,HB19514.jpeg,.jpeg,54,54,L
Train,SLICY,HB19516.jpeg,.jpeg,54,54,L
Train,SLICY,HB19518.jpeg,.jpeg,54,54,L
Train,SLICY,HB19520.jpeg,.jpeg,54,54,L
Train,SLICY,HB19522.jpeg,.jpeg,54,54,L
Train,SLICY,HB19526.jpeg,.jpeg,54,54,L
Train,SLICY,HB19528.jpeg,.jpeg,54,54,L
Train,SLICY,HB19530.jpeg,.jpeg,54,54,L
Train,SLICY,HB19534.jpeg,.jpeg,54,54,L
Train,SLICY,HB19536.jpeg,.jpeg,54,54,L
Train,SLICY,HB19538.jpeg,.jpeg,54,54,L
Train,SLICY,HB19540.jpeg,.jpeg,54,54,L
Train,SLICY,HB19542.jpeg,.jpeg,54,54,L
Train,SLICY,HB19544.jpeg,.jpeg,54,54,L
Train,SLICY,HB19545.jpeg,.jpeg,54,54,L
Train,SLICY,HB19547.jpeg,.jpeg,54,54,L
Train,SLICY,HB19549.jpeg,.jpeg,54,54,L
Train,SLICY,HB19551.jpeg,.jpeg,54,54,L
Train,SLICY,HB19553.jpeg,.jpeg,54,54,L
Train,SLICY,HB19555.jpeg,.jpeg,54,54,L
Train,SLICY,HB19557.jpeg,.jpeg,54,54,L
Train,SLICY,HB19559.jpeg,.jpeg,54,54,L
Train,SLICY,HB19561.jpeg,.jpeg,54,54,L
Train,SLICY,HB19563.jpeg,.jpeg,54,54,L
Train,SLICY,HB19567.jpeg,.jpeg,54,54,L
Train,SLICY,HB19569.jpeg,.jpeg,54,54,L
Train,SLICY,HB19571.jpeg,.jpeg,54,54,L
Train,SLICY,HB19573.jpeg,.jpeg,54,54,L
Train,SLICY,HB19575.jpeg,.jpeg,54,54,L
Train,SLICY,HB19579.jpeg,.jpeg,54,54,L
Train,SLICY,HB19581.jpeg,.jpeg,54,54,L
Train,SLICY,HB19583.jpeg,.jpeg,54,54,L
Train,SLICY,HB19780.jpeg,.jpeg,54,54,L
Train,SLICY,HB19781.jpeg,.jpeg,54,54,L
Train,SLICY,HB19782.jpeg,.jpeg,54,54,L
Train,SLICY,HB19783.jpeg,.jpeg,54,54,L
Train,SLICY,HB19784.jpeg,.jpeg,54,54,L
Train,SLICY,HB19785.jpeg,.jpeg,54,54,L
Train,SLICY,HB19786.jpeg,.jpeg,54,54,L
Train,SLICY,HB19787.jpeg,.jpeg,54,54,L
Train,SLICY,HB19788.jpeg,.jpeg,54,54,L
Train,SLICY,HB19789.jpeg,.jpeg,54,54,L
Train,SLICY,HB19790.jpeg,.jpeg,54,54,L
Train,SLICY,HB19791.jpeg,.jpeg,54,54,L
Train,SLICY,HB19792.jpeg,.jpeg,54,54,L
Train,SLICY,HB19793.jpeg,.jpeg,54,54,L
Train,SLICY,HB19794.jpeg,.jpeg,54,54,L
Train,SLICY,HB19795.jpeg,.jpeg,54,54,L
Train,SLICY,HB19797.jpeg,.jpeg,54,54,L
Train,SLICY,HB19798.jpeg,.jpeg,54,54,L
Train,SLICY,HB19799.jpeg,.jpeg,54,54,L
Train,SLICY,HB19801.jpeg,.jpeg,54,54,L
Train,SLICY,HB19803.jpeg,.jpeg,54,54,L
Train,SLICY,HB19804.jpeg,.jpeg,54,54,L
Train,SLICY,HB19805.jpeg,.jpeg,54,54,L
Train,SLICY,HB19806.jpeg,.jpeg,54,54,L
Train,SLICY,HB19807.jpeg,.jpeg,54,54,L
Train,SLICY,HB19808.jpeg,.jpeg,54,54,L
Train,SLICY,HB19809.jpeg,.jpeg,54,54,L
Train,SLICY,HB19810.jpeg,.jpeg,54,54,L
Train,SLICY,HB19811.jpeg,.jpeg,54,54,L
Train,SLICY,HB19812.jpeg,.jpeg,54,54,L
Train,SLICY,HB19813.jpeg,.jpeg,54,54,L
Train,SLICY,HB19814.jpeg,.jpeg,54,54,L
Train,SLICY,HB19816.jpeg,.jpeg,54,54,L
Train,SLICY,HB19817.jpeg,.jpeg,54,54,L
Train,SLICY,HB19818.jpeg,.jpeg,54,54,L
Train,SLICY,HB19820.jpeg,.jpeg,54,54,L
Train,SLICY,HB19821.jpeg,.jpeg,54,54,L
Train,SLICY,HB19822.jpeg,.jpeg,54,54,L
Train,SLICY,HB19823.jpeg,.jpeg,54,54,L
Train,SLICY,HB19824.jpeg,.jpeg,54,54,L
Train,SLICY,HB19825.jpeg,.jpeg,54,54,L
Train,SLICY,HB19826.jpeg,.jpeg,54,54,L
Train,SLICY,HB19827.jpeg,.jpeg,54,54,L
Train,SLICY,HB19828.jpeg,.jpeg,54,54,L
Train,SLICY,HB19829.jpeg,.jpeg,54,54,L
Train,SLICY,HB19830.jpeg,.jpeg,54,54,L
Train,SLICY,HB19831.jpeg,.jpeg,54,54,L
Train,SLICY,HB19833.jpeg,.jpeg,54,54,L
Train,SLICY,HB19834.jpeg,.jpeg,54,54,L
Train,SLICY,HB19835.jpeg,.jpeg,54,54,L
Train,SLICY,HB19836.jpeg,.jpeg,54,54,L
Train,SLICY,HB19838.jpeg,.jpeg,54,54,L
Train,SLICY,HB19839.jpeg,.jpeg,54,54,L
Train,SLICY,HB19840.jpeg,.jpeg,54,54,L
Train,SLICY,HB19841.jpeg,.jpeg,54,54,L
Train,SLICY,HB19842.jpeg,.jpeg,54,54,L
Train,SLICY,HB19843.jpeg,.jpeg,54,54,L
Train,SLICY,HB19844.jpeg,.jpeg,54,54,L
Train,SLICY,HB19845.jpeg,.jpeg,54,54,L
Train,SLICY,HB19846.jpeg,.jpeg,54,54,L
Train,SLICY,HB19847.jpeg,.jpeg,54,54,L
Train,SLICY,HB19848.jpeg,.jpeg,54,54,L
Train,SLICY,HB19849.jpeg,.jpeg,54,54,L
Train,SLICY,HB19850.jpeg,.jpeg,54,54,L
Train,SLICY,HB19851.jpeg,.jpeg,54,54,L
Train,SLICY,HB19852.jpeg,.jpeg,54,54,L
Train,SLICY,HB19853.jpeg,.jpeg,54,54,L
Train,SLICY,HB19854.jpeg,.jpeg,54,54,L
Train,SLICY,HB19855.jpeg,.jpeg,54,54,L
Train,SLICY,HB19856.jpeg,.jpeg,54,54,L
Train,SLICY,HB19857.jpeg,.jpeg,54,54,L
Train,SLICY,HB19858.jpeg,.jpeg,54,54,L
Train,SLICY,HB19859.jpeg,.jpeg,54,54,L
Train,SLICY,HB19860.jpeg,.jpeg,54,54,L
Train,SLICY,HB19861.jpeg,.jpeg,54,54,L
Train,SLICY,HB19862.jpeg,.jpeg,54,54,L
Train,SLICY,HB19863.jpeg,.jpeg,54,54,L
Train,SLICY,HB19864.jpeg,.jpeg,54,54,L
Train,SLICY,HB19865.jpeg,.jpeg,54,54,L
Train,SLICY,HB19867.jpeg,.jpeg,54,54,L
Train,SLICY,HB19868.jpeg,.jpeg,54,54,L
Train,SLICY,HB19869.jpeg,.jpeg,54,54,L
Train,SLICY,HB19871.jpeg,.jpeg,54,54,L
Train,SLICY,HB19872.jpeg,.jpeg,54,54,L
Train,SLICY,HB19873.jpeg,.jpeg,54,54,L
Train,SLICY,HB19874.jpeg,.jpeg,54,54,L
Train,SLICY,HB19875.jpeg,.jpeg,54,54,L
Train,SLICY,HB19876.jpeg,.jpeg,54,54,L
Train,SLICY,HB19877.jpeg,.jpeg,54,54,L
Train,SLICY,HB19878.jpeg,.jpeg,54,54,L
Train,SLICY,HB19879.jpeg,.jpeg,54,54,L
Train,SLICY,HB19880.jpeg,.jpeg,54,54,L
Train,SLICY,HB19881.jpeg,.jpeg,54,54,L
Train,SLICY,HB19882.jpeg,.jpeg,54,54,L
Train,SLICY,HB19883.jpeg,.jpeg,54,54,L
Train,SLICY,HB19884.jpeg,.jpeg,54,54,L
Train,SLICY,HB19885.jpeg,.jpeg,54,54,L
Train,SLICY,HB19887.jpeg,.jpeg,54,54,L
Train,SLICY,HB19888.jpeg,.jpeg,54,54,L
Train,SLICY,HB19889.jpeg,.jpeg,54,54,L
Train,SLICY,HB19890.jpeg,.jpeg,54,54,L
Train,SLICY,HB19891.jpeg,.jpeg,54,54,L
Train,SLICY,HB19892.jpeg,.jpeg,54,54,L
Train,SLICY,HB19893.jpeg,.jpeg,54,54,L
Train,SLICY,HB19894.jpeg,.jpeg,54,54,L
Train,SLICY,HB19895.jpeg,.jpeg,54,54,L
Train,SLICY,HB19896.jpeg,.jpeg,54,54,L
Train,SLICY,HB19897.jpeg,.jpeg,54,54,L
Train,SLICY,HB19898.jpeg,.jpeg,54,54,L
Train,SLICY,HB19899.jpeg,.jpeg,54,54,L
Train,SLICY,HB19901.jpeg,.jpeg,54,54,L
Train,SLICY,HB19902.jpeg,.jpeg,54,54,L
Train,SLICY,HB19903.jpeg,.jpeg,54,54,L
Train,SLICY,HB19906.jpeg,.jpeg,54,54,L
Train,SLICY,HB19907.jpeg,.jpeg,54,54,L
Train,SLICY,HB19908.jpeg,.jpeg,54,54,L
Train,SLICY,HB19909.jpeg,.jpeg,54,54,L
Train,SLICY,HB19910.jpeg,.jpeg,54,54,L
Train,SLICY,HB19911.jpeg,.jpeg,54,54,L
Train,SLICY,HB19912.jpeg,.jpeg,54,54,L
Train,SLICY,HB19913.jpeg,.jpeg,54,54,L
Train,SLICY,HB19914.jpeg,.jpeg,54,54,L
Train,SLICY,HB19915.jpeg,.jpeg,54,54,L
Train,SLICY,HB19916.jpeg,.jpeg,54,54,L
Train,SLICY,HB19917.jpeg,.jpeg,54,54,L
Train,SLICY,HB19918.jpeg,.jpeg,54,54,L
Train,SLICY,HB19919.jpeg,.jpeg,54,54,L
Train,SLICY,HB19920.jpeg,.jpeg,54,54,L
Train,SLICY,HB19923.jpeg,.jpeg,54,54,L
Train,SLICY,HB19924.jpeg,.jpeg,54,54,L
Train,SLICY,HB19925.jpeg,.jpeg,54,54,L
Train,SLICY,HB19926.jpeg,.jpeg,54,54,L
Train,SLICY,HB19927.jpeg,.jpeg,54,54,L
Train,SLICY,HB19928.jpeg,.jpeg,54,54,L
Train,SLICY,HB19929.jpeg,.jpeg,54,54,L
Train,SLICY,HB19930.jpeg,.jpeg,54,54,L
Train,SLICY,HB19931.jpeg,.jpeg,54,54,L
Train,SLICY,HB19932.jpeg,.jpeg,54,54,L
Train,SLICY,HB19933.jpeg,.jpeg,54,54,L
Train,SLICY,HB19934.jpeg,.jpeg,54,54,L
Train,SLICY,HB19935.jpeg,.jpeg,54,54,L
Train,SLICY,HB19936.jpeg,.jpeg,54,54,L
Train,SLICY,HB19938.jpeg,.jpeg,54,54,L
Train,SLICY,HB19939.jpeg,.jpeg,54,54,L
Train,SLICY,HB19941.jpeg,.jpeg,54,54,L
Train,SLICY,HB19942.jpeg,.jpeg,54,54,L
Train,SLICY,HB19943.jpeg,.jpeg,54,54,L
Train,SLICY,HB19944.jpeg,.jpeg,54,54,L
Train,SLICY,HB19945.jpeg,.jpeg,54,54,L
Train,SLICY,HB19946.jpeg,.jpeg,54,54,L
Train,SLICY,HB19947.jpeg,.jpeg,54,54,L
Train,SLICY,HB19949.jpeg,.jpeg,54,54,L
Train,SLICY,HB19950.jpeg,.jpeg,54,54,L
Train,SLICY,HB19951.jpeg,.jpeg,54,54,L
Train,SLICY,HB19952.jpeg,.jpeg,54,54,L
Train,SLICY,HB19953.jpeg,.jpeg,54,54,L
Train,SLICY,HB19954.jpeg,.jpeg,54,54,L
Train,SLICY,HB19955.jpeg,.jpeg,54,54,L
Train,SLICY,HB19957.jpeg,.jpeg,54,54,L
Train,SLICY,HB19958.jpeg,.jpeg,54,54,L
Train,SLICY,HB19959.jpeg,.jpeg,54,54,L
Train,SLICY,HB19960.jpeg,.jpeg,54,54,L
Train,SLICY,HB19961.jpeg,.jpeg,54,54,L
Train,SLICY,HB19962.jpeg,.jpeg,54,54,L
Train,SLICY,HB19963.jpeg,.jpeg,54,54,L
Train,SLICY,HB19964.jpeg,.jpeg,54,54,L
Train,SLICY,HB19965.jpeg,.jpeg,54,54,L
Train,SLICY,HB19966.jpeg,.jpeg,54,54,L
Train,SLICY,HB19967.jpeg,.jpeg,54,54,L
Train,SLICY,HB19968.jpeg,.jpeg,54,54,L
Train,SLICY,HB19969.jpeg,.jpeg,54,54,L
Train,SLICY,HB19971.jpeg,.jpeg,54,54,L
Train,SLICY,HB19972.jpeg,.jpeg,54,54,L
Train,SLICY,HB19973.jpeg,.jpeg,54,54,L
Train,SLICY,HB19975.jpeg,.jpeg,54,54,L
Train,SLICY,HB19976.jpeg,.jpeg,54,54,L
Train,SLICY,HB19977.jpeg,.jpeg,54,54,L
Train,SLICY,HB19978.jpeg,.jpeg,54,54,L
Train,SLICY,HB19979.jpeg,.jpeg,54,54,L
Train,SLICY,HB19980.jpeg,.jpeg,54,54,L
Train,SLICY,HB19981.jpeg,.jpeg,54,54,L
Train,SLICY,HB19982.jpeg,.jpeg,54,54,L
Train,SLICY,HB19983.jpeg,.jpeg,54,54,L
Train,SLICY,HB19984.jpeg,.jpeg,54,54,L
Train,SLICY,HB19986.jpeg,.jpeg,54,54,L
Train,SLICY,HB19987.jpeg,.jpeg,54,54,L
Train,SLICY,HB19988.jpeg,.jpeg,54,54,L
Train,SLICY,HB19989.jpeg,.jpeg,54,54,L
Train,SLICY,HB19990.jpeg,.jpeg,54,54,L
Train,SLICY,HB19992.jpeg,.jpeg,54,54,L
Train,SLICY,HB19993.jpeg,.jpeg,54,54,L
Train,SLICY,HB19994.jpeg,.jpeg,54,54,L
Train,SLICY,HB19995.jpeg,.jpeg,54,54,L
Train,SLICY,HB19996.jpeg,.jpeg,54,54,L
Train,SLICY,HB19997.jpeg,.jpeg,54,54,L
Train,SLICY,HB19998.jpeg,.jpeg,54,54,L
Train,SLICY,HB19999.jpeg,.jpeg,54,54,L
Train,SLICY,HB20000.jpeg,.jpeg,54,54,L
Train,SLICY,HB20001.jpeg,.jpeg,54,54,L
Train,SLICY,HB20002.jpeg,.jpeg,54,54,L
Train,SLICY,HB20007.jpeg,.jpeg,54,54,L
Train,SLICY,HB20008.jpeg,.jpeg,54,54,L
Train,SLICY,HB20009.jpeg,.jpeg,54,54,L
Train,SLICY,HB20010.jpeg,.jpeg,54,54,L
Train,SLICY,HB20011.jpeg,.jpeg,54,54,L
Train,SLICY,HB20012.jpeg,.jpeg,54,54,L
Train,T62,HB19377.jpeg,.jpeg,173,172,L
Train,T62,HB19379.jpeg,.jpeg,173,172,L
Train,T62,HB19381.jpeg,.jpeg,173,172,L
Train,T62,HB19383.jpeg,.jpeg,173,172,L
Train,T62,HB19389.jpeg,.jpeg,173,172,L
Train,T62,HB19390.jpeg,.jpeg,173,172,L
Train,T62,HB19394.jpeg,.jpeg,173,172,L
Train,T62,HB19396.jpeg,.jpeg,173,172,L
Train,T62,HB19398.jpeg,.jpeg,173,172,L
Train,T62,HB19400.jpeg,.jpeg,173,172,L
Train,T62,HB19402.jpeg,.jpeg,173,172,L
Train,T62,HB19404.jpeg,.jpeg,173,172,L
Train,T62,HB19406.jpeg,.jpeg,173,172,L
Train,T62,HB19408.jpeg,.jpeg,173,172,L
Train,T62,HB19410.jpeg,.jpeg,173,172,L
Train,T62,HB19412.jpeg,.jpeg,173,172,L
Train,T62,HB19414.jpeg,.jpeg,173,172,L
Train,T62,HB19416.jpeg,.jpeg,173,172,L
Train,T62,HB19418.jpeg,.jpeg,173,172,L
Train,T62,HB19420.jpeg,.jpeg,173,172,L
Train,T62,HB19422.jpeg,.jpeg,173,172,L
Train,T62,HB19424.jpeg,.jpeg,173,172,L
Train,T62,HB19426.jpeg,.jpeg,173,172,L
Train,T62,HB19430.jpeg,.jpeg,173,172,L
Train,T62,HB19432.jpeg,.jpeg,173,172,L
Train,T62,HB19434.jpeg,.jpeg,173,172,L
Train,T62,HB19436.jpeg,.jpeg,173,172,L
Train,T62,HB19438.jpeg,.jpeg,173,172,L
Train,T62,HB19440.jpeg,.jpeg,173,172,L
Train,T62,HB19442.jpeg,.jpeg,173,172,L
Train,T62,HB19444.jpeg,.jpeg,173,172,L
Train,T62,HB19446.jpeg,.jpeg,173,172,L
Train,T62,HB19448.jpeg,.jpeg,173,172,L
Train,T62,HB19450.jpeg,.jpeg,173,172,L
Train,T62,HB19454.jpeg,.jpeg,173,172,L
Train,T62,HB19456.jpeg,.jpeg,173,172,L
Train,T62,HB19458.jpeg,.jpeg,173,172,L
Train,T62,HB19460.jpeg,.jpeg,173,172,L
Train,T62,HB19462.jpeg,.jpeg,173,172,L
Train,T62,HB19464.jpeg,.jpeg,173,172,L
Train,T62,HB19466.jpeg,.jpeg,173,172,L
Train,T62,HB19468.jpeg,.jpeg,173,172,L
Train,T62,HB19470.jpeg,.jpeg,173,172,L
Train,T62,HB19472.jpeg,.jpeg,173,172,L
Train,T62,HB19474.jpeg,.jpeg,173,172,L
Train,T62,HB19476.jpeg,.jpeg,173,172,L
Train,T62,HB19478.jpeg,.jpeg,173,172,L
Train,T62,HB19479.jpeg,.jpeg,173,172,L
Train,T62,HB19481.jpeg,.jpeg,173,172,L
Train,T62,HB19483.jpeg,.jpeg,173,172,L
Train,T62,HB19487.jpeg,.jpeg,173,172,L
Train,T62,HB19491.jpeg,.jpeg,173,172,L
Train,T62,HB19495.jpeg,.jpeg,173,172,L
Train,T62,HB19499.jpeg,.jpeg,173,172,L
Train,T62,HB19501.jpeg,.jpeg,173,172,L
Train,T62,HB19503.jpeg,.jpeg,173,172,L
Train,T62,HB19505.jpeg,.jpeg,173,172,L
Train,T62,HB19507.jpeg,.jpeg,173,172,L
Train,T62,HB19508.jpeg,.jpeg,173,172,L
Train,T62,HB19512.jpeg,.jpeg,173,172,L
Train,T62,HB19514.jpeg,.jpeg,173,172,L
Train,T62,HB19516.jpeg,.jpeg,173,172,L
Train,T62,HB19518.jpeg,.jpeg,173,172,L
Train,T62,HB19520.jpeg,.jpeg,173,172,L
Train,T62,HB19522.jpeg,.jpeg,173,172,L
Train,T62,HB19526.jpeg,.jpeg,173,172,L
Train,T62,HB19528.jpeg,.jpeg,173,172,L
Train,T62,HB19530.jpeg,.jpeg,173,172,L
Train,T62,HB19534.jpeg,.jpeg,173,172,L
Train,T62,HB19536.jpeg,.jpeg,173,172,L
Train,T62,HB19538.jpeg,.jpeg,173,172,L
Train,T62,HB19540.jpeg,.jpeg,173,172,L
Train,T62,HB19542.jpeg,.jpeg,173,172,L
Train,T62,HB19544.jpeg,.jpeg,173,172,L
Train,T62,HB19545.jpeg,.jpeg,173,172,L
Train,T62,HB19547.jpeg,.jpeg,173,172,L
Train,T62,HB19549.jpeg,.jpeg,173,172,L
Train,T62,HB19551.jpeg,.jpeg,173,172,L
Train,T62,HB19553.jpeg,.jpeg,173,172,L
Train,T62,HB19555.jpeg,.jpeg,173,172,L
Train,T62,HB19557.jpeg,.jpeg,173,172,L
Train,T62,HB19559.jpeg,.jpeg,173,172,L
Train,T62,HB19561.jpeg,.jpeg,173,172,L
Train,T62,HB19563.jpeg,.jpeg,173,172,L
Train,T62,HB19567.jpeg,.jpeg,173,172,L
Train,T62,HB19569.jpeg,.jpeg,173,172,L
Train,T62,HB19571.jpeg,.jpeg,173,172,L
Train,T62,HB19573.jpeg,.jpeg,173,172,L
Train,T62,HB19575.jpeg,.jpeg,173,172,L
Train,T62,HB19579.jpeg,.jpeg,173,172,L
Train,T62,HB19581.jpeg,.jpeg,173,172,L
Train,T62,HB19583.jpeg,.jpeg,173,172,L
Train,T62,HB19780.jpeg,.jpeg,173,172,L
Train,T62,HB19781.jpeg,.jpeg,173,172,L
Train,T62,HB19782.jpeg,.jpeg,173,172,L
Train,T62,HB19783.jpeg,.jpeg,173,172,L
Train,T62,HB19784.jpeg,.jpeg,173,172,L
Train,T62,HB19785.jpeg,.jpeg,173,172,L
Train,T62,HB19786.jpeg,.jpeg,173,172,L
Train,T62,HB19787.jpeg,.jpeg,173,172,L
Train,T62,HB19788.jpeg,.jpeg,173,172,L
Train,T62,HB19789.jpeg,.jpeg,173,172,L
Train,T62,HB19790.jpeg,.jpeg,173,172,L
Train,T62,HB19791.jpeg,.jpeg,173,172,L
Train,T62,HB19792.jpeg,.jpeg,173,172,L
Train,T62,HB19793.jpeg,.jpeg,173,172,L
Train,T62,HB19794.jpeg,.jpeg,173,172,L
Train,T62,HB19795.jpeg,.jpeg,173,172,L
Train,T62,HB19797.jpeg,.jpeg,173,172,L
Train,T62,HB19798.jpeg,.jpeg,173,172,L
Train,T62,HB19799.jpeg,.jpeg,173,172,L
Train,T62,HB19801.jpeg,.jpeg,173,172,L
Train,T62,HB19803.jpeg,.jpeg,173,172,L
Train,T62,HB19804.jpeg,.jpeg,173,172,L
Train,T62,HB19805.jpeg,.jpeg,173,172,L
Train,T62,HB19806.jpeg,.jpeg,173,172,L
Train,T62,HB19807.jpeg,.jpeg,173,172,L
Train,T62,HB19808.jpeg,.jpeg,173,172,L
Train,T62,HB19809.jpeg,.jpeg,173,172,L
Train,T62,HB19810.jpeg,.jpeg,173,172,L
Train,T62,HB19811.jpeg,.jpeg,173,172,L
Train,T62,HB19812.jpeg,.jpeg,173,172,L
Train,T62,HB19813.jpeg,.jpeg,173,172,L
Train,T62,HB19814.jpeg,.jpeg,173,172,L
Train,T62,HB19816.jpeg,.jpeg,173,172,L
Train,T62,HB19817.jpeg,.jpeg,173,172,L
Train,T62,HB19818.jpeg,.jpeg,173,172,L
Train,T62,HB19820.jpeg,.jpeg,173,172,L
Train,T62,HB19821.jpeg,.jpeg,173,172,L
Train,T62,HB19822.jpeg,.jpeg,173,172,L
Train,T62,HB19823.jpeg,.jpeg,173,172,L
Train,T62,HB19824.jpeg,.jpeg,173,172,L
Train,T62,HB19825.jpeg,.jpeg,173,172,L
Train,T62,HB19826.jpeg,.jpeg,173,172,L
Train,T62,HB19827.jpeg,.jpeg,173,172,L
Train,T62,HB19828.jpeg,.jpeg,173,172,L
Train,T62,HB19829.jpeg,.jpeg,173,172,L
Train,T62,HB19830.jpeg,.jpeg,173,172,L
Train,T62,HB19831.jpeg,.jpeg,173,172,L
Train,T62,HB19833.jpeg,.jpeg,173,172,L
Train,T62,HB19834.jpeg,.jpeg,173,172,L
Train,T62,HB19835.jpeg,.jpeg,173,172,L
Train,T62,HB19836.jpeg,.jpeg,173,172,L
Train,T62,HB19838.jpeg,.jpeg,173,172,L
Train,T62,HB19839.jpeg,.jpeg,173,172,L
Train,T62,HB19840.jpeg,.jpeg,173,172,L
Train,T62,HB19841.jpeg,.jpeg,173,172,L
Train,T62,HB19842.jpeg,.jpeg,173,172,L
Train,T62,HB19843.jpeg,.jpeg,173,172,L
Train,T62,HB19844.jpeg,.jpeg,173,172,L
Train,T62,HB19845.jpeg,.jpeg,173,172,L
Train,T62,HB19846.jpeg,.jpeg,173,172,L
Train,T62,HB19847.jpeg,.jpeg,173,172,L
Train,T62,HB19848.jpeg,.jpeg,173,172,L
Train,T62,HB19849.jpeg,.jpeg,173,172,L
Train,T62,HB19850.jpeg,.jpeg,173,172,L
Train,T62,HB19851.jpeg,.jpeg,173,172,L
Train,T62,HB19852.jpeg,.jpeg,173,172,L
Train,T62,HB19853.jpeg,.jpeg,173,172,L
Train,T62,HB19854.jpeg,.jpeg,173,172,L
Train,T62,HB19855.jpeg,.jpeg,173,172,L
Train,T62,HB19856.jpeg,.jpeg,173,172,L
Train,T62,HB19857.jpeg,.jpeg,173,172,L
Train,T62,HB19858.jpeg,.jpeg,173,172,L
Train,T62,HB19859.jpeg,.jpeg,173,172,L
Train,T62,HB19860.jpeg,.jpeg,173,172,L
Train,T62,HB19861.jpeg,.jpeg,173,172,L
Train,T62,HB19862.jpeg,.jpeg,173,172,L
Train,T62,HB19863.jpeg,.jpeg,173,172,L
Train,T62,HB19864.jpeg,.jpeg,173,172,L
Train,T62,HB19865.jpeg,.jpeg,173,172,L
Train,T62,HB19867.jpeg,.jpeg,173,172,L
Train,T62,HB19868.jpeg,.jpeg,173,172,L
Train,T62,HB19869.jpeg,.jpeg,173,172,L
Train,T62,HB19871.jpeg,.jpeg,173,172,L
Train,T62,HB19872.jpeg,.jpeg,173,172,L
Train,T62,HB19873.jpeg,.jpeg,173,172,L
Train,T62,HB19874.jpeg,.jpeg,173,172,L
Train,T62,HB19875.jpeg,.jpeg,173,172,L
Train,T62,HB19876.jpeg,.jpeg,173,172,L
Train,T62,HB19877.jpeg,.jpeg,173,172,L
Train,T62,HB19878.jpeg,.jpeg,173,172,L
Train,T62,HB19879.jpeg,.jpeg,173,172,L
Train,T62,HB19880.jpeg,.jpeg,173,172,L
Train,T62,HB19881.jpeg,.jpeg,173,172,L
Train,T62,HB19882.jpeg,.jpeg,173,172,L
Train,T62,HB19883.jpeg,.jpeg,173,172,L
Train,T62,HB19884.jpeg,.jpeg,173,172,L
Train,T62,HB19885.jpeg,.jpeg,173,172,L
Train,T62,HB19887.jpeg,.jpeg,173,172,L
Train,T62,HB19888.jpeg,.jpeg,173,172,L
Train,T62,HB19889.jpeg,.jpeg,173,172,L
Train,T62,HB19890.jpeg,.jpeg,173,172,L
Train,T62,HB19891.jpeg,.jpeg,173,172,L
Train,T62,HB19892.jpeg,.jpeg,173,172,L
Train,T62,HB19893.jpeg,.jpeg,173,172,L
Train,T62,HB19894.jpeg,.jpeg,173,172,L
Train,T62,HB19895.jpeg,.jpeg,173,172,L
Train,T62,HB19896.jpeg,.jpeg,173,172,L
Train,T62,HB19897.jpeg,.jpeg,173,172,L
Train,T62,HB19898.jpeg,.jpeg,173,172,L
Train,T62,HB19899.jpeg,.jpeg,173,172,L
Train,T62,HB19901.jpeg,.jpeg,173,172,L
Train,T62,HB19902.jpeg,.jpeg,173,172,L
Train,T62,HB19903.jpeg,.jpeg,173,172,L
Train,T62,HB19906.jpeg,.jpeg,173,172,L
Train,T62,HB19907.jpeg,.jpeg,173,172,L
Train,T62,HB19908.jpeg,.jpeg,173,172,L
Train,T62,HB19909.jpeg,.jpeg,173,172,L
Train,T62,HB19910.jpeg,.jpeg,173,172,L
Train,T62,HB19911.jpeg,.jpeg,173,172,L
Train,T62,HB19912.jpeg,.jpeg,173,172,L
Train,T62,HB19913.jpeg,.jpeg,173,172,L
Train,T62,HB19914.jpeg,.jpeg,173,172,L
Train,T62,HB19915.jpeg,.jpeg,173,172,L
Train,T62,HB19916.jpeg,.jpeg,173,172,L
Train,T62,HB19917.jpeg,.jpeg,173,172,L
Train,T62,HB19918.jpeg,.jpeg,173,172,L
Train,T62,HB19919.jpeg,.jpeg,173,172,L
Train,T62,HB19920.jpeg,.jpeg,173,172,L
Train,T62,HB19923.jpeg,.jpeg,173,172,L
Train,T62,HB19924.jpeg,.jpeg,173,172,L
Train,T62,HB19925.jpeg,.jpeg,173,172,L
Train,T62,HB19926.jpeg,.jpeg,173,172,L
Train,T62,HB19927.jpeg,.jpeg,173,172,L
Train,T62,HB19928.jpeg,.jpeg,173,172,L
Train,T62,HB19929.jpeg,.jpeg,173,172,L
Train,T62,HB19930.jpeg,.jpeg,173,172,L
Train,T62,HB19931.jpeg,.jpeg,173,172,L
Train,T62,HB19932.jpeg,.jpeg,173,172,L
Train,T62,HB19933.jpeg,.jpeg,173,172,L
Train,T62,HB19934.jpeg,.jpeg,173,172,L
Train,T62,HB19935.jpeg,.jpeg,173,172,L
Train,T62,HB19936.jpeg,.jpeg,173,172,L
Train,T62,HB19938.jpeg,.jpeg,173,172,L
Train,T62,HB19939.jpeg,.jpeg,173,172,L
Train,T62,HB19941.jpeg,.jpeg,173,172,L
Train,T62,HB19942.jpeg,.jpeg,173,172,L
Train,T62,HB19943.jpeg,.jpeg,173,172,L
Train,T62,HB19944.jpeg,.jpeg,173,172,L
Train,T62,HB19945.jpeg,.jpeg,173,172,L
Train,T62,HB19946.jpeg,.jpeg,173,172,L
Train,T62,HB19947.jpeg,.jpeg,173,172,L
Train,T62,HB19949.jpeg,.jpeg,173,172,L
Train,T62,HB19950.jpeg,.jpeg,173,172,L
Train,T62,HB19951.jpeg,.jpeg,173,172,L
Train,T62,HB19952.jpeg,.jpeg,173,172,L
Train,T62,HB19953.jpeg,.jpeg,173,172,L
Train,T62,HB19954.jpeg,.jpeg,173,172,L
Train,T62,HB19955.jpeg,.jpeg,173,172,L
Train,T62,HB19957.jpeg,.jpeg,173,172,L
Train,T62,HB19958.jpeg,.jpeg,173,172,L
Train,T62,HB19959.jpeg,.jpeg,173,172,L
Train,T62,HB19960.jpeg,.jpeg,173,172,L
Train,T62,HB19961.jpeg,.jpeg,173,172,L
Train,T62,HB19962.jpeg,.jpeg,173,172,L
Train,T62,HB19963.jpeg,.jpeg,173,172,L
Train,T62,HB19964.jpeg,.jpeg,173,172,L
Train,T62,HB19965.jpeg,.jpeg,173,172,L
Train,T62,HB19966.jpeg,.jpeg,173,172,L
Train,T62,HB19967.jpeg,.jpeg,173,172,L
Train,T62,HB19968.jpeg,.jpeg,173,172,L
Train,T62,HB19969.jpeg,.jpeg,173,172,L
Train,T62,HB19971.jpeg,.jpeg,173,172,L
Train,T62,HB19972.jpeg,.jpeg,173,172,L
Train,T62,HB19973.jpeg,.jpeg,173,172,L
Train,T62,HB19975.jpeg,.jpeg,173,172,L
Train,T62,HB19976.jpeg,.jpeg,173,172,L
Train,T62,HB19977.jpeg,.jpeg,173,172,L
Train,T62,HB19978.jpeg,.jpeg,173,172,L
Train,T62,HB19979.jpeg,.jpeg,173,172,L
Train,T62,HB19980.jpeg,.jpeg,173,172,L
Train,T62,HB19981.jpeg,.jpeg,173,172,L
Train,T62,HB19982.jpeg,.jpeg,173,172,L
Train,T62,HB19983.jpeg,.jpeg,173,172,L
Train,T62,HB19984.jpeg,.jpeg,173,172,L
Train,T62,HB19986.jpeg,.jpeg,173,172,L
Train,T62,HB19987.jpeg,.jpeg,173,172,L
Train,T62,HB19988.jpeg,.jpeg,173,172,L
Train,T62,HB19989.jpeg,.jpeg,173,172,L
Train,T62,HB19990.jpeg,.jpeg,173,172,L
Train,T62,HB19992.jpeg,.jpeg,173,172,L
Train,T62,HB19993.jpeg,.jpeg,173,172,L
Train,T62,HB19994.jpeg,.jpeg,173,172,L
Train,T62,HB19995.jpeg,.jpeg,173,172,L
Train,T62,HB19996.jpeg,.jpeg,173,172,L
Train,T62,HB19997.jpeg,.jpeg,173,172,L
Train,T62,HB19998.jpeg,.jpeg,173,172,L
Train,T62,HB19999.jpeg,.jpeg,173,172,L
Train,T62,HB20000.jpeg,.jpeg,173,172,L
Train,T62,HB20001.jpeg,.jpeg,173,172,L
Train,T62,HB20002.jpeg,.jpeg,173,172,L
Train,T62,HB20007.jpeg,.jpeg,173,172,L
Train,T62,HB20008.jpeg,.jpeg,173,172,L
Train,T62,HB20009.jpeg,.jpeg,173,172,L
Train,T62,HB20010.jpeg,.jpeg,173,172,L
Train,T62,HB20011.jpeg,.jpeg,173,172,L
Train,T62,HB20012.jpeg,.jpeg,173,172,L
Train,T62,HB20013.jpeg,.jpeg,173,172,L
Train,T72,HB03787.jpeg,.jpeg,128,128,L
Train,T72,HB03788.jpeg,.jpeg,128,128,L
Train,T72,HB03790.jpeg,.jpeg,128,128,L
Train,T72,HB03792.jpeg,.jpeg,128,128,L
Train,T72,HB03793.jpeg,.jpeg,128,128,L
Train,T72,HB03794.jpeg,.jpeg,128,128,L
Train,T72,HB03796.jpeg,.jpeg,128,128,L
Train,T72,HB03797.jpeg,.jpeg,128,128,L
Train,T72,HB03798.jpeg,.jpeg,128,128,L
Train,T72,HB03799.jpeg,.jpeg,128,128,L
Train,T72,HB03800.jpeg,.jpeg,128,128,L
Train,T72,HB03801.jpeg,.jpeg,128,128,L
Train,T72,HB03802.jpeg,.jpeg,128,128,L
Train,T72,HB03803.jpeg,.jpeg,128,128,L
Train,T72,HB03804.jpeg,.jpeg,128,128,L
Train,T72,HB03805.jpeg,.jpeg,128,128,L
Train,T72,HB03806.jpeg,.jpeg,128,128,L
Train,T72,HB03807.jpeg,.jpeg,128,128,L
Train,T72,HB03808.jpeg,.jpeg,128,128,L
Train,T72,HB03809.jpeg,.jpeg,128,128,L
Train,T72,HB03810.jpeg,.jpeg,128,128,L
Train,T72,HB03811.jpeg,.jpeg,128,128,L
Train,T72,HB03812.jpeg,.jpeg,128,128,L
Train,T72,HB03813.jpeg,.jpeg,128,128,L
Train,T72,HB03814.jpeg,.jpeg,128,128,L
Train,T72,HB03815.jpeg,.jpeg,128,128,L
Train,T72,HB03817.jpeg,.jpeg,128,128,L
Train,T72,HB03818.jpeg,.jpeg,128,128,L
Train,T72,HB03819.jpeg,.jpeg,128,128,L
Train,T72,HB03820.jpeg,.jpeg,128,128,L
Train,T72,HB03821.jpeg,.jpeg,128,128,L
Train,T72,HB03822.jpeg,.jpeg,128,128,L
Train,T72,HB03823.jpeg,.jpeg,128,128,L
Train,T72,HB03824.jpeg,.jpeg,128,128,L
Train,T72,HB03825.jpeg,.jpeg,128,128,L
Train,T72,HB03826.jpeg,.jpeg,128,128,L
Train,T72,HB03827.jpeg,.jpeg,128,128,L
Train,T72,HB03828.jpeg,.jpeg,128,128,L
Train,T72,HB03829.jpeg,.jpeg,128,128,L
Train,T72,HB03830.jpeg,.jpeg,128,128,L
Train,T72,HB03831.jpeg,.jpeg,128,128,L
Train,T72,HB03832.jpeg,.jpeg,128,128,L
Train,T72,HB03833.jpeg,.jpeg,128,128,L
Train,T72,HB03834.jpeg,.jpeg,128,128,L
Train,T72,HB03836.jpeg,.jpeg,128,128,L
Train,T72,HB03837.jpeg,.jpeg,128,128,L
Train,T72,HB03838.jpeg,.jpeg,128,128,L
Train,T72,HB03839.jpeg,.jpeg,128,128,L
Train,T72,HB03840.jpeg,.jpeg,128,128,L
Train,T72,HB03841.jpeg,.jpeg,128,128,L
Train,T72,HB03842.jpeg,.jpeg,128,128,L
Train,T72,HB03843.jpeg,.jpeg,128,128,L
Train,T72,HB03844.jpeg,.jpeg,128,128,L
Train,T72,HB03846.jpeg,.jpeg,128,128,L
Train,T72,HB03847.jpeg,.jpeg,128,128,L
Train,T72,HB03848.jpeg,.jpeg,128,128,L
Train,T72,HB03849.jpeg,.jpeg,128,128,L
Train,T72,HB03850.jpeg,.jpeg,128,128,L
Train,T72,HB03851.jpeg,.jpeg,128,128,L
Train,T72,HB03852.jpeg,.jpeg,128,128,L
Train,T72,HB03854.jpeg,.jpeg,128,128,L
Train,T72,HB03855.jpeg,.jpeg,128,128,L
Train,T72,HB03856.jpeg,.jpeg,128,128,L
Train,T72,HB03857.jpeg,.jpeg,128,128,L
Train,T72,HB03858.jpeg,.jpeg,128,128,L
Train,T72,HB03859.jpeg,.jpeg,128,128,L
Train,T72,HB03860.jpeg,.jpeg,128,128,L
Train,T72,HB03862.jpeg,.jpeg,128,128,L
Train,T72,HB03863.jpeg,.jpeg,128,128,L
Train,T72,HB03864.jpeg,.jpeg,128,128,L
Train,T72,HB03865.jpeg,.jpeg,128,128,L
Train,T72,HB03866.jpeg,.jpeg,128,128,L
Train,T72,HB03867.jpeg,.jpeg,128,128,L
Train,T72,HB03868.jpeg,.jpeg,128,128,L
Train,T72,HB03869.jpeg,.jpeg,128,128,L
Train,T72,HB03870.jpeg,.jpeg,128,128,L
Train,T72,HB03871.jpeg,.jpeg,128,128,L
Train,T72,HB03872.jpeg,.jpeg,128,128,L
Train,T72,HB03873.jpeg,.jpeg,128,128,L
Train,T72,HB03874.jpeg,.jpeg,128,128,L
Train,T72,HB03875.jpeg,.jpeg,128,128,L
Train,T72,HB03876.jpeg,.jpeg,128,128,L
Train,T72,HB03877.jpeg,.jpeg,128,128,L
Train,T72,HB03878.jpeg,.jpeg,128,128,L
Train,T72,HB03879.jpeg,.jpeg,128,128,L
Train,T72,HB03880.jpeg,.jpeg,128,128,L
Train,T72,HB03881.jpeg,.jpeg,128,128,L
Train,T72,HB03882.jpeg,.jpeg,128,128,L
Train,T72,HB03883.jpeg,.jpeg,128,128,L
Train,T72,HB03884.jpeg,.jpeg,128,128,L
Train,T72,HB03885.jpeg,.jpeg,128,128,L
Train,T72,HB03886.jpeg,.jpeg,128,128,L
Train,T72,HB03887.jpeg,.jpeg,128,128,L
Train,T72,HB03889.jpeg,.jpeg,128,128,L
Train,T72,HB03890.jpeg,.jpeg,128,128,L
Train,T72,HB03891.jpeg,.jpeg,128,128,L
Train,T72,HB03892.jpeg,.jpeg,128,128,L
Train,T72,HB03893.jpeg,.jpeg,128,128,L
Train,T72,HB03894.jpeg,.jpeg,128,128,L
Train,T72,HB03895.jpeg,.jpeg,128,128,L
Train,T72,HB03896.jpeg,.jpeg,128,128,L
Train,T72,HB03897.jpeg,.jpeg,128,128,L
Train,T72,HB03898.jpeg,.jpeg,128,128,L
Train,T72,HB03900.jpeg,.jpeg,128,128,L
Train,T72,HB03901.jpeg,.jpeg,128,128,L
Train,T72,HB03902.jpeg,.jpeg,128,128,L
Train,T72,HB03903.jpeg,.jpeg,128,128,L
Train,T72,HB03904.jpeg,.jpeg,128,128,L
Train,T72,HB03905.jpeg,.jpeg,128,128,L
Train,T72,HB03906.jpeg,.jpeg,128,128,L
Train,T72,HB03907.jpeg,.jpeg,128,128,L
Train,T72,HB03908.jpeg,.jpeg,128,128,L
Train,T72,HB03909.jpeg,.jpeg,128,128,L
Train,T72,HB03910.jpeg,.jpeg,128,128,L
Train,T72,HB03911.jpeg,.jpeg,128,128,L
Train,T72,HB03912.jpeg,.jpeg,128,128,L
Train,T72,HB03913.jpeg,.jpeg,128,128,L
Train,T72,HB03914.jpeg,.jpeg,128,128,L
Train,T72,HB03915.jpeg,.jpeg,128,128,L
Train,T72,HB03916.jpeg,.jpeg,128,128,L
Train,T72,HB03917.jpeg,.jpeg,128,128,L
Train,T72,HB03918.jpeg,.jpeg,128,128,L
Train,T72,HB03919.jpeg,.jpeg,128,128,L
Train,T72,HB03920.jpeg,.jpeg,128,128,L
Train,T72,HB03922.jpeg,.jpeg,128,128,L
Train,T72,HB03923.jpeg,.jpeg,128,128,L
Train,T72,HB03924.jpeg,.jpeg,128,128,L
Train,T72,HB03925.jpeg,.jpeg,128,128,L
Train,T72,HB03926.jpeg,.jpeg,128,128,L
Train,T72,HB03927.jpeg,.jpeg,128,128,L
Train,T72,HB03928.jpeg,.jpeg,128,128,L
Train,T72,HB03929.jpeg,.jpeg,128,128,L
Train,T72,HB03930.jpeg,.jpeg,128,128,L
Train,T72,HB03931.jpeg,.jpeg,128,128,L
Train,T72,HB03932.jpeg,.jpeg,128,128,L
Train,T72,HB03933.jpeg,.jpeg,128,128,L
Train,T72,HB03934.jpeg,.jpeg,128,128,L
Train,T72,HB03935.jpeg,.jpeg,128,128,L
Train,T72,HB03936.jpeg,.jpeg,128,128,L
Train,T72,HB03938.jpeg,.jpeg,128,128,L
Train,T72,HB03939.jpeg,.jpeg,128,128,L
Train,T72,HB03940.jpeg,.jpeg,128,128,L
Train,T72,HB03941.jpeg,.jpeg,128,128,L
Train,T72,HB03942.jpeg,.jpeg,128,128,L
Train,T72,HB03943.jpeg,.jpeg,128,128,L
Train,T72,HB03944.jpeg,.jpeg,128,128,L
Train,T72,HB03945.jpeg,.jpeg,128,128,L
Train,T72,HB03946.jpeg,.jpeg,128,128,L
Train,T72,HB03947.jpeg,.jpeg,128,128,L
Train,T72,HB03948.jpeg,.jpeg,128,128,L
Train,T72,HB03949.jpeg,.jpeg,128,128,L
Train,T72,HB03950.jpeg,.jpeg,128,128,L
Train,T72,HB03951.jpeg,.jpeg,128,128,L
Train,T72,HB03952.jpeg,.jpeg,128,128,L
Train,T72,HB03953.jpeg,.jpeg,128,128,L
Train,T72,HB03954.jpeg,.jpeg,128,128,L
Train,T72,HB03955.jpeg,.jpeg,128,128,L
Train,T72,HB03956.jpeg,.jpeg,128,128,L
Train,T72,HB03957.jpeg,.jpeg,128,128,L
Train,T72,HB03958.jpeg,.jpeg,128,128,L
Train,T72,HB03959.jpeg,.jpeg,128,128,L
Train,T72,HB03960.jpeg,.jpeg,128,128,L
Train,T72,HB03962.jpeg,.jpeg,128,128,L
Train,T72,HB03963.jpeg,.jpeg,128,128,L
Train,T72,HB03964.jpeg,.jpeg,128,128,L
Train,T72,HB03965.jpeg,.jpeg,128,128,L
Train,T72,HB03967.jpeg,.jpeg,128,128,L
Train,T72,HB03968.jpeg,.jpeg,128,128,L
Train,T72,HB03969.jpeg,.jpeg,128,128,L
Train,T72,HB03970.jpeg,.jpeg,128,128,L
Train,T72,HB03971.jpeg,.jpeg,128,128,L
Train,T72,HB03972.jpeg,.jpeg,128,128,L
Train,T72,HB03973.jpeg,.jpeg,128,128,L
Train,T72,HB03974.jpeg,.jpeg,128,128,L
Train,T72,HB03975.jpeg,.jpeg,128,128,L
Train,T72,HB03976.jpeg,.jpeg,128,128,L
Train,T72,HB03977.jpeg,.jpeg,128,128,L
Train,T72,HB03978.jpeg,.jpeg,128,128,L
Train,T72,HB03979.jpeg,.jpeg,128,128,L
Train,T72,HB03980.jpeg,.jpeg,128,128,L
Train,T72,HB03981.jpeg,.jpeg,128,128,L
Train,T72,HB03982.jpeg,.jpeg,128,128,L
Train,T72,HB03983.jpeg,.jpeg,128,128,L
Train,T72,HB03985.jpeg,.jpeg,128,128,L
Train,T72,HB03986.jpeg,.jpeg,128,128,L
Train,T72,HB03987.jpeg,.jpeg,128,128,L
Train,T72,HB03988.jpeg,.jpeg,128,128,L
Train,T72,HB03989.jpeg,.jpeg,128,128,L
Train,T72,HB03990.jpeg,.jpeg,128,128,L
Train,T72,HB03991.jpeg,.jpeg,128,128,L
Train,T72,HB03992.jpeg,.jpeg,128,128,L
Train,T72,HB03993.jpeg,.jpeg,128,128,L
Train,T72,HB03994.jpeg,.jpeg,128,128,L
Train,T72,HB03995.jpeg,.jpeg,128,128,L
Train,T72,HB03998.jpeg,.jpeg,128,128,L
Train,T72,HB04000.jpeg,.jpeg,128,128,L
Train,T72,HB04001.jpeg,.jpeg,128,128,L
Train,T72,HB04002.jpeg,.jpeg,128,128,L
Train,T72,HB04003.jpeg,.jpeg,128,128,L
Train,T72,HB04004.jpeg,.jpeg,128,128,L
Train,T72,HB04005.jpeg,.jpeg,128,128,L
Train,T72,HB04006.jpeg,.jpeg,128,128,L
Train,T72,HB04007.jpeg,.jpeg,128,128,L
Train,T72,HB04008.jpeg,.jpeg,128,128,L
Train,T72,HB04009.jpeg,.jpeg,128,128,L
Train,T72,HB04010.jpeg,.jpeg,128,128,L
Train,T72,HB04011.jpeg,.jpeg,128,128,L
Train,T72,HB04012.jpeg,.jpeg,128,128,L
Train,T72,HB04013.jpeg,.jpeg,128,128,L
Train,T72,HB04014.jpeg,.jpeg,128,128,L
Train,T72,HB04015.jpeg,.jpeg,128,128,L
Train,T72,HB04016.jpeg,.jpeg,128,128,L
Train,T72,HB04017.jpeg,.jpeg,128,128,L
Train,T72,HB04018.jpeg,.jpeg,128,128,L
Train,T72,HB04020.jpeg,.jpeg,128,128,L
Train,T72,HB04021.jpeg,.jpeg,128,128,L
Train,T72,HB04022.jpeg,.jpeg,128,128,L
Train,T72,HB04023.jpeg,.jpeg,128,128,L
Train,T72,HB04024.jpeg,.jpeg,128,128,L
Train,T72,HB04025.jpeg,.jpeg,128,128,L
Train,T72,HB04026.jpeg,.jpeg,128,128,L
Train,T72,HB04027.jpeg,.jpeg,128,128,L
Train,T72,HB04028.jpeg,.jpeg,128,128,L
Train,T72,HB04029.jpeg,.jpeg,128,128,L
Train,T72,HB04030.jpeg,.jpeg,128,128,L
Train,T72,HB04033.jpeg,.jpeg,128,128,L
Train,T72,HB04034.jpeg,.jpeg,128,128,L
Train,T72,HB04035.jpeg,.jpeg,128,128,L
Train,T72,HB04036.jpeg,.jpeg,128,128,L
Train,T72,HB04037.jpeg,.jpeg,128,128,L
Train,T72,HB04038.jpeg,.jpeg,128,128,L
Train,T72,HB04039.jpeg,.jpeg,128,128,L
Train,ZIL131,HB19377.jpeg,.jpeg,193,192,L
Train,ZIL131,HB19379.jpeg,.jpeg,193,192,L
Train,ZIL131,HB19381.jpeg,.jpeg,193,192,L
Train,ZIL131,HB19383.jpeg,.jpeg,193,192,L
Train,ZIL131,HB19389.jpeg,.jpeg,193,192,L
Train,ZIL131,HB19390.jpeg,.jpeg,193,192,L
Train,ZIL131,HB19394.jpeg,.jpeg,193,192,L
Train,ZIL131,HB19396.jpeg,.jpeg,193,192,L
Train,ZIL131,HB19398.jpeg,.jpeg,193,192,L
Train,ZIL131,HB19400.jpeg,.jpeg,193,192,L
Train,ZIL131,HB19402.jpeg,.jpeg,193,192,L
Train,ZIL131,HB19404.jpeg,.jpeg,193,192,L
Train,ZIL131,HB19406.jpeg,.jpeg,193,192,L
Train,ZIL131,HB19408.jpeg,.jpeg,193,192,L
Train,ZIL131,HB19410.jpeg,.jpeg,193,192,L
Train,ZIL131,HB19412.jpeg,.jpeg,193,192,L
Train,ZIL131,HB19414.jpeg,.jpeg,193,192,L
Train,ZIL131,HB19416.jpeg,.jpeg,193,192,L
Train,ZIL131,HB19418.jpeg,.jpeg,193,192,L
Train,ZIL131,HB19420.jpeg,.jpeg,193,192,L
Train,ZIL131,HB19422.jpeg,.jpeg,193,192,L
Train,ZIL131,HB19424.jpeg,.jpeg,193,192,L
Train,ZIL131,HB19426.jpeg,.jpeg,193,192,L
Train,ZIL131,HB19430.jpeg,.jpeg,193,192,L
Train,ZIL131,HB19432.jpeg,.jpeg,193,192,L
Train,ZIL131,HB19434.jpeg,.jpeg,193,192,L
Train,ZIL131,HB19436.jpeg,.jpeg,193,192,L
Train,ZIL131,HB19438.jpeg,.jpeg,193,192,L
Train,ZIL131,HB19440.jpeg,.jpeg,193,192,L
Train,ZIL131,HB19442.jpeg,.jpeg,193,192,L
Train,ZIL131,HB19444.jpeg,.jpeg,193,192,L
Train,ZIL131,HB19446.jpeg,.jpeg,193,192,L
Train,ZIL131,HB19448.jpeg,.jpeg,193,192,L
Train,ZIL131,HB19450.jpeg,.jpeg,193,192,L
Train,ZIL131,HB19454.jpeg,.jpeg,193,192,L
Train,ZIL131,HB19456.jpeg,.jpeg,193,192,L
Train,ZIL131,HB19458.jpeg,.jpeg,193,192,L
Train,ZIL131,HB19460.jpeg,.jpeg,193,192,L
Train,ZIL131,HB19462.jpeg,.jpeg,193,192,L
Train,ZIL131,HB19464.jpeg,.jpeg,193,192,L
Train,ZIL131,HB19466.jpeg,.jpeg,193,192,L
Train,ZIL131,HB19468.jpeg,.jpeg,193,192,L
Train,ZIL131,HB19470.jpeg,.jpeg,193,192,L
Train,ZIL131,HB19472.jpeg,.jpeg,193,192,L
Train,ZIL131,HB19474.jpeg,.jpeg,193,192,L
Train,ZIL131,HB19476.jpeg,.jpeg,193,192,L
Train,ZIL131,HB19478.jpeg,.jpeg,193,192,L
Train,ZIL131,HB19479.jpeg,.jpeg,193,192,L
Train,ZIL131,HB19481.jpeg,.jpeg,193,192,L
Train,ZIL131,HB19483.jpeg,.jpeg,193,192,L
Train,ZIL131,HB19487.jpeg,.jpeg,193,192,L
Train,ZIL131,HB19491.jpeg,.jpeg,193,192,L
Train,ZIL131,HB19495.jpeg,.jpeg,193,192,L
Train,ZIL131,HB19499.jpeg,.jpeg,193,192,L
Train,ZIL131,HB19501.jpeg,.jpeg,193,192,L
Train,ZIL131,HB19503.jpeg,.jpeg,193,192,L
Train,ZIL131,HB19505.jpeg,.jpeg,193,192,L
Train,ZIL131,HB19507.jpeg,.jpeg,193,192,L
Train,ZIL131,HB19508.jpeg,.jpeg,193,192,L
Train,ZIL131,HB19512.jpeg,.jpeg,193,192,L
Train,ZIL131,HB19514.jpeg,.jpeg,193,192,L
Train,ZIL131,HB19516.jpeg,.jpeg,193,192,L
Train,ZIL131,HB19518.jpeg,.jpeg,193,192,L
Train,ZIL131,HB19520.jpeg,.jpeg,193,192,L
Train,ZIL131,HB19522.jpeg,.jpeg,193,192,L
Train,ZIL131,HB19526.jpeg,.jpeg,193,192,L
Train,ZIL131,HB19528.jpeg,.jpeg,193,192,L
Train,ZIL131,HB19530.jpeg,.jpeg,193,192,L
Train,ZIL131,HB19534.jpeg,.jpeg,193,192,L
Train,ZIL131,HB19536.jpeg,.jpeg,193,192,L
Train,ZIL131,HB19538.jpeg,.jpeg,193,192,L
Train,ZIL131,HB19540.jpeg,.jpeg,193,192,L
Train,ZIL131,HB19542.jpeg,.jpeg,193,192,L
Train,ZIL131,HB19544.jpeg,.jpeg,193,192,L
Train,ZIL131,HB19545.jpeg,.jpeg,193,192,L
Train,ZIL131,HB19547.jpeg,.jpeg,193,192,L
Train,ZIL131,HB19549.jpeg,.jpeg,193,192,L
Train,ZIL131,HB19551.jpeg,.jpeg,193,192,L
Train,ZIL131,HB19553.jpeg,.jpeg,193,192,L
Train,ZIL131,HB19555.jpeg,.jpeg,193,192,L
Train,ZIL131,HB19557.jpeg,.jpeg,193,192,L
Train,ZIL131,HB19559.jpeg,.jpeg,193,192,L
Train,ZIL131,HB19561.jpeg,.jpeg,193,192,L
Train,ZIL131,HB19563.jpeg,.jpeg,193,192,L
Train,ZIL131,HB19567.jpeg,.jpeg,193,192,L
Train,ZIL131,HB19569.jpeg,.jpeg,193,192,L
Train,ZIL131,HB19571.jpeg,.jpeg,193,192,L
Train,ZIL131,HB19573.jpeg,.jpeg,193,192,L
Train,ZIL131,HB19575.jpeg,.jpeg,193,192,L
Train,ZIL131,HB19579.jpeg,.jpeg,193,192,L
Train,ZIL131,HB19581.jpeg,.jpeg,193,192,L
Train,ZIL131,HB19583.jpeg,.jpeg,193,192,L
Train,ZIL131,HB19780.jpeg,.jpeg,193,192,L
Train,ZIL131,HB19781.jpeg,.jpeg,193,192,L
Train,ZIL131,HB19782.jpeg,.jpeg,193,192,L
Train,ZIL131,HB19783.jpeg,.jpeg,193,192,L
Train,ZIL131,HB19784.jpeg,.jpeg,193,192,L
Train,ZIL131,HB19785.jpeg,.jpeg,193,192,L
Train,ZIL131,HB19786.jpeg,.jpeg,193,192,L
Train,ZIL131,HB19787.jpeg,.jpeg,193,192,L
Train,ZIL131,HB19788.jpeg,.jpeg,193,192,L
Train,ZIL131,HB19789.jpeg,.jpeg,193,192,L
Train,ZIL131,HB19790.jpeg,.jpeg,193,192,L
Train,ZIL131,HB19791.jpeg,.jpeg,193,192,L
Train,ZIL131,HB19792.jpeg,.jpeg,193,192,L
Train,ZIL131,HB19793.jpeg,.jpeg,193,192,L
Train,ZIL131,HB19794.jpeg,.jpeg,193,192,L
Train,ZIL131,HB19795.jpeg,.jpeg,193,192,L
Train,ZIL131,HB19797.jpeg,.jpeg,193,192,L
Train,ZIL131,HB19798.jpeg,.jpeg,193,192,L
Train,ZIL131,HB19799.jpeg,.jpeg,193,192,L
Train,ZIL131,HB19801.jpeg,.jpeg,193,192,L
Train,ZIL131,HB19803.jpeg,.jpeg,193,192,L
Train,ZIL131,HB19804.jpeg,.jpeg,193,192,L
Train,ZIL131,HB19805.jpeg,.jpeg,193,192,L
Train,ZIL131,HB19806.jpeg,.jpeg,193,192,L
Train,ZIL131,HB19807.jpeg,.jpeg,193,192,L
Train,ZIL131,HB19808.jpeg,.jpeg,193,192,L
Train,ZIL131,HB19809.jpeg,.jpeg,193,192,L
Train,ZIL131,HB19810.jpeg,.jpeg,193,192,L
Train,ZIL131,HB19811.jpeg,.jpeg,193,192,L
Train,ZIL131,HB19812.jpeg,.jpeg,193,192,L
Train,ZIL131,HB19813.jpeg,.jpeg,193,192,L
Train,ZIL131,HB19814.jpeg,.jpeg,193,192,L
Train,ZIL131,HB19816.jpeg,.jpeg,193,192,L
Train,ZIL131,HB19817.jpeg,.jpeg,193,192,L
Train,ZIL131,HB19818.jpeg,.jpeg,193,192,L
Train,ZIL131,HB19820.jpeg,.jpeg,193,192,L
Train,ZIL131,HB19821.jpeg,.jpeg,193,192,L
Train,ZIL131,HB19822.jpeg,.jpeg,193,192,L
Train,ZIL131,HB19823.jpeg,.jpeg,193,192,L
Train,ZIL131,HB19824.jpeg,.jpeg,193,192,L
Train,ZIL131,HB19825.jpeg,.jpeg,193,192,L
Train,ZIL131,HB19826.jpeg,.jpeg,193,192,L
Train,ZIL131,HB19827.jpeg,.jpeg,193,192,L
Train,ZIL131,HB19828.jpeg,.jpeg,193,192,L
Train,ZIL131,HB19829.jpeg,.jpeg,193,192,L
Train,ZIL131,HB19830.jpeg,.jpeg,193,192,L
Train,ZIL131,HB19831.jpeg,.jpeg,193,192,L
Train,ZIL131,HB19833.jpeg,.jpeg,193,192,L
Train,ZIL131,HB19834.jpeg,.jpeg,193,192,L
Train,ZIL131,HB19835.jpeg,.jpeg,193,192,L
Train,ZIL131,HB19836.jpeg,.jpeg,193,192,L
Train,ZIL131,HB19838.jpeg,.jpeg,193,192,L
Train,ZIL131,HB19839.jpeg,.jpeg,193,192,L
Train,ZIL131,HB19840.jpeg,.jpeg,193,192,L
Train,ZIL131,HB19841.jpeg,.jpeg,193,192,L
Train,ZIL131,HB19842.jpeg,.jpeg,193,192,L
Train,ZIL131,HB19843.jpeg,.jpeg,193,192,L
Train,ZIL131,HB19844.jpeg,.jpeg,193,192,L
Train,ZIL131,HB19845.jpeg,.jpeg,193,192,L
Train,ZIL131,HB19846.jpeg,.jpeg,193,192,L
Train,ZIL131,HB19847.jpeg,.jpeg,193,192,L
Train,ZIL131,HB19848.jpeg,.jpeg,193,192,L
Train,ZIL131,HB19849.jpeg,.jpeg,193,192,L
Train,ZIL131,HB19850.jpeg,.jpeg,193,192,L
Train,ZIL131,HB19851.jpeg,.jpeg,193,192,L
Train,ZIL131,HB19852.jpeg,.jpeg,193,192,L
Train,ZIL131,HB19853.jpeg,.jpeg,193,192,L
Train,ZIL131,HB19854.jpeg,.jpeg,193,192,L
Train,ZIL131,HB19855.jpeg,.jpeg,193,192,L
Train,ZIL131,HB19856.jpeg,.jpeg,193,192,L
Train,ZIL131,HB19857.jpeg,.jpeg,193,192,L
Train,ZIL131,HB19858.jpeg,.jpeg,193,192,L
Train,ZIL131,HB19859.jpeg,.jpeg,193,192,L
Train,ZIL131,HB19860.jpeg,.jpeg,193,192,L
Train,ZIL131,HB19861.jpeg,.jpeg,193,192,L
Train,ZIL131,HB19862.jpeg,.jpeg,193,192,L
Train,ZIL131,HB19863.jpeg,.jpeg,193,192,L
Train,ZIL131,HB19864.jpeg,.jpeg,193,192,L
Train,ZIL131,HB19865.jpeg,.jpeg,193,192,L
Train,ZIL131,HB19867.jpeg,.jpeg,193,192,L
Train,ZIL131,HB19868.jpeg,.jpeg,193,192,L
Train,ZIL131,HB19869.jpeg,.jpeg,193,192,L
Train,ZIL131,HB19871.jpeg,.jpeg,193,192,L
Train,ZIL131,HB19872.jpeg,.jpeg,193,192,L
Train,ZIL131,HB19873.jpeg,.jpeg,193,192,L
Train,ZIL131,HB19874.jpeg,.jpeg,193,192,L
Train,ZIL131,HB19875.jpeg,.jpeg,193,192,L
Train,ZIL131,HB19876.jpeg,.jpeg,193,192,L
Train,ZIL131,HB19877.jpeg,.jpeg,193,192,L
Train,ZIL131,HB19878.jpeg,.jpeg,193,192,L
Train,ZIL131,HB19879.jpeg,.jpeg,193,192,L
Train,ZIL131,HB19880.jpeg,.jpeg,193,192,L
Train,ZIL131,HB19881.jpeg,.jpeg,193,192,L
Train,ZIL131,HB19882.jpeg,.jpeg,193,192,L
Train,ZIL131,HB19883.jpeg,.jpeg,193,192,L
Train,ZIL131,HB19884.jpeg,.jpeg,193,192,L
Train,ZIL131,HB19885.jpeg,.jpeg,193,192,L
Train,ZIL131,HB19887.jpeg,.jpeg,193,192,L
Train,ZIL131,HB19888.jpeg,.jpeg,193,192,L
Train,ZIL131,HB19889.jpeg,.jpeg,193,192,L
Train,ZIL131,HB19890.jpeg,.jpeg,193,192,L
Train,ZIL131,HB19891.jpeg,.jpeg,193,192,L
Train,ZIL131,HB19892.jpeg,.jpeg,193,192,L
Train,ZIL131,HB19893.jpeg,.jpeg,193,192,L
Train,ZIL131,HB19894.jpeg,.jpeg,193,192,L
Train,ZIL131,HB19895.jpeg,.jpeg,193,192,L
Train,ZIL131,HB19896.jpeg,.jpeg,193,192,L
Train,ZIL131,HB19897.jpeg,.jpeg,193,192,L
Train,ZIL131,HB19898.jpeg,.jpeg,193,192,L
Train,ZIL131,HB19899.jpeg,.jpeg,193,192,L
Train,ZIL131,HB19901.jpeg,.jpeg,193,192,L
Train,ZIL131,HB19902.jpeg,.jpeg,193,192,L
Train,ZIL131,HB19903.jpeg,.jpeg,193,192,L
Train,ZIL131,HB19906.jpeg,.jpeg,193,192,L
Train,ZIL131,HB19907.jpeg,.jpeg,193,192,L
Train,ZIL131,HB19908.jpeg,.jpeg,193,192,L
Train,ZIL131,HB19909.jpeg,.jpeg,193,192,L
Train,ZIL131,HB19910.jpeg,.jpeg,193,192,L
Train,ZIL131,HB19911.jpeg,.jpeg,193,192,L
Train,ZIL131,HB19912.jpeg,.jpeg,193,192,L
Train,ZIL131,HB19913.jpeg,.jpeg,193,192,L
Train,ZIL131,HB19914.jpeg,.jpeg,193,192,L
Train,ZIL131,HB19915.jpeg,.jpeg,193,192,L
Train,ZIL131,HB19916.jpeg,.jpeg,193,192,L
Train,ZIL131,HB19917.jpeg,.jpeg,193,192,L
Train,ZIL131,HB19918.jpeg,.jpeg,193,192,L
Train,ZIL131,HB19919.jpeg,.jpeg,193,192,L
Train,ZIL131,HB19920.jpeg,.jpeg,193,192,L
Train,ZIL131,HB19923.jpeg,.jpeg,193,192,L
Train,ZIL131,HB19924.jpeg,.jpeg,193,192,L
Train,ZIL131,HB19925.jpeg,.jpeg,193,192,L
Train,ZIL131,HB19926.jpeg,.jpeg,193,192,L
Train,ZIL131,HB19927.jpeg,.jpeg,193,192,L
Train,ZIL131,HB19928.jpeg,.jpeg,193,192,L
Train,ZIL131,HB19929.jpeg,.jpeg,193,192,L
Train,ZIL131,HB19930.jpeg,.jpeg,193,192,L
Train,ZIL131,HB19931.jpeg,.jpeg,193,192,L
Train,ZIL131,HB19932.jpeg,.jpeg,193,192,L
Train,ZIL131,HB19933.jpeg,.jpeg,193,192,L
Train,ZIL131,HB19934.jpeg,.jpeg,193,192,L
Train,ZIL131,HB19935.jpeg,.jpeg,193,192,L
Train,ZIL131,HB19936.jpeg,.jpeg,193,192,L
Train,ZIL131,HB19938.jpeg,.jpeg,193,192,L
Train,ZIL131,HB19939.jpeg,.jpeg,193,192,L
Train,ZIL131,HB19941.jpeg,.jpeg,193,192,L
Train,ZIL131,HB19942.jpeg,.jpeg,193,192,L
Train,ZIL131,HB19943.jpeg,.jpeg,193,192,L
Train,ZIL131,HB19944.jpeg,.jpeg,193,192,L
Train,ZIL131,HB19945.jpeg,.jpeg,193,192,L
Train,ZIL131,HB19946.jpeg,.jpeg,193,192,L
Train,ZIL131,HB19947.jpeg,.jpeg,193,192,L
Train,ZIL131,HB19949.jpeg,.jpeg,193,192,L
Train,ZIL131,HB19950.jpeg,.jpeg,193,192,L
Train,ZIL131,HB19951.jpeg,.jpeg,193,192,L
Train,ZIL131,HB19952.jpeg,.jpeg,193,192,L
Train,ZIL131,HB19953.jpeg,.jpeg,193,192,L
Train,ZIL131,HB19954.jpeg,.jpeg,193,192,L
Train,ZIL131,HB19955.jpeg,.jpeg,193,192,L
Train,ZIL131,HB19957.jpeg,.jpeg,193,192,L
Train,ZIL131,HB19958.jpeg,.jpeg,193,192,L
Train,ZIL131,HB19959.jpeg,.jpeg,193,192,L
Train,ZIL131,HB19960.jpeg,.jpeg,193,192,L
Train,ZIL131,HB19961.jpeg,.jpeg,193,192,L
Train,ZIL131,HB19962.jpeg,.jpeg,193,192,L
Train,ZIL131,HB19963.jpeg,.jpeg,193,192,L
Train,ZIL131,HB19964.jpeg,.jpeg,193,192,L
Train,ZIL131,HB19965.jpeg,.jpeg,193,192,L
Train,ZIL131,HB19966.jpeg,.jpeg,193,192,L
Train,ZIL131,HB19967.jpeg,.jpeg,193,192,L
Train,ZIL131,HB19968.jpeg,.jpeg,193,192,L
Train,ZIL131,HB19969.jpeg,.jpeg,193,192,L
Train,ZIL131,HB19971.jpeg,.jpeg,193,192,L
Train,ZIL131,HB19972.jpeg,.jpeg,193,192,L
Train,ZIL131,HB19973.jpeg,.jpeg,193,192,L
Train,ZIL131,HB19975.jpeg,.jpeg,193,192,L
Train,ZIL131,HB19976.jpeg,.jpeg,193,192,L
Train,ZIL131,HB19977.jpeg,.jpeg,193,192,L
Train,ZIL131,HB19978.jpeg,.jpeg,193,192,L
Train,ZIL131,HB19979.jpeg,.jpeg,193,192,L
Train,ZIL131,HB19980.jpeg,.jpeg,193,192,L
Train,ZIL131,HB19981.jpeg,.jpeg,193,192,L
Train,ZIL131,HB19982.jpeg,.jpeg,193,192,L
Train,ZIL131,HB19983.jpeg,.jpeg,193,192,L
Train,ZIL131,HB19984.jpeg,.jpeg,193,192,L
Train,ZIL131,HB19986.jpeg,.jpeg,193,192,L
Train,ZIL131,HB19987.jpeg,.jpeg,193,192,L
Train,ZIL131,HB19988.jpeg,.jpeg,193,192,L
Train,ZIL131,HB19989.jpeg,.jpeg,193,192,L
Train,ZIL131,HB19990.jpeg,.jpeg,193,192,L
Train,ZIL131,HB19992.jpeg,.jpeg,193,192,L
Train,ZIL131,HB19993.jpeg,.jpeg,193,192,L
Train,ZIL131,HB19994.jpeg,.jpeg,193,192,L
Train,ZIL131,HB19995.jpeg,.jpeg,193,192,L
Train,ZIL131,HB19996.jpeg,.jpeg,193,192,L
Train,ZIL131,HB19997.jpeg,.jpeg,193,192,L
Train,ZIL131,HB19998.jpeg,.jpeg,193,192,L
Train,ZIL131,HB19999.jpeg,.jpeg,193,192,L
Train,ZIL131,HB20000.jpeg,.jpeg,193,192,L
Train,ZIL131,HB20001.jpeg,.jpeg,193,192,L
Train,ZIL131,HB20002.jpeg,.jpeg,193,192,L
Train,ZIL131,HB20007.jpeg,.jpeg,193,192,L
Train,ZIL131,HB20008.jpeg,.jpeg,193,192,L
Train,ZIL131,HB20009.jpeg,.jpeg,193,192,L
Train,ZIL131,HB20010.jpeg,.jpeg,193,192,L
Train,ZIL131,HB20011.jpeg,.jpeg,193,192,L
Train,ZIL131,HB20012.jpeg,.jpeg,193,192,L
Train,ZIL131,HB20013.jpeg,.jpeg,193,192,L
Train,ZSU_23_4,HB19377.jpeg,.jpeg,158,158,L
Train,ZSU_23_4,HB19379.jpeg,.jpeg,158,158,L
Train,ZSU_23_4,HB19381.jpeg,.jpeg,158,158,L
Train,ZSU_23_4,HB19383.jpeg,.jpeg,158,158,L
Train,ZSU_23_4,HB19389.jpeg,.jpeg,158,158,L
Train,ZSU_23_4,HB19390.jpeg,.jpeg,158,158,L
Train,ZSU_23_4,HB19394.jpeg,.jpeg,158,158,L
Train,ZSU_23_4,HB19396.jpeg,.jpeg,158,158,L
Train,ZSU_23_4,HB19398.jpeg,.jpeg,158,158,L
Train,ZSU_23_4,HB19400.jpeg,.jpeg,158,158,L
Train,ZSU_23_4,HB19402.jpeg,.jpeg,158,158,L
Train,ZSU_23_4,HB19404.jpeg,.jpeg,158,158,L
Train,ZSU_23_4,HB19406.jpeg,.jpeg,158,158,L
Train,ZSU_23_4,HB19408.jpeg,.jpeg,158,158,L
Train,ZSU_23_4,HB19410.jpeg,.jpeg,158,158,L
Train,ZSU_23_4,HB19412.jpeg,.jpeg,158,158,L
Train,ZSU_23_4,HB19414.jpeg,.jpeg,158,158,L
Train,ZSU_23_4,HB19416.jpeg,.jpeg,158,158,L
Train,ZSU_23_4,HB19418.jpeg,.jpeg,158,158,L
Train,ZSU_23_4,HB19420.jpeg,.jpeg,158,158,L
Train,ZSU_23_4,HB19422.jpeg,.jpeg,158,158,L
Train,ZSU_23_4,HB19424.jpeg,.jpeg,158,158,L
Train,ZSU_23_4,HB19426.jpeg,.jpeg,158,158,L
Train,ZSU_23_4,HB19430.jpeg,.jpeg,158,158,L
Train,ZSU_23_4,HB19432.jpeg,.jpeg,158,158,L
Train,ZSU_23_4,HB19434.jpeg,.jpeg,158,158,L
Train,ZSU_23_4,HB19436.jpeg,.jpeg,158,158,L
Train,ZSU_23_4,HB19438.jpeg,.jpeg,158,158,L
Train,ZSU_23_4,HB19440.jpeg,.jpeg,158,158,L
Train,ZSU_23_4,HB19442.jpeg,.jpeg,158,158,L
Train,ZSU_23_4,HB19444.jpeg,.jpeg,158,158,L
Train,ZSU_23_4,HB19446.jpeg,.jpeg,158,158,L
Train,ZSU_23_4,HB19448.jpeg,.jpeg,158,158,L
Train,ZSU_23_4,HB19450.jpeg,.jpeg,158,158,L
Train,ZSU_23_4,HB19454.jpeg,.jpeg,158,158,L
Train,ZSU_23_4,HB19456.jpeg,.jpeg,158,158,L
Train,ZSU_23_4,HB19458.jpeg,.jpeg,158,158,L
Train,ZSU_23_4,HB19460.jpeg,.jpeg,158,158,L
Train,ZSU_23_4,HB19462.jpeg,.jpeg,158,158,L
Train,ZSU_23_4,HB19464.jpeg,.jpeg,158,158,L
Train,ZSU_23_4,HB19466.jpeg,.jpeg,158,158,L
Train,ZSU_23_4,HB19468.jpeg,.jpeg,158,158,L
Train,ZSU_23_4,HB19470.jpeg,.jpeg,158,158,L
Train,ZSU_23_4,HB19472.jpeg,.jpeg,158,158,L
Train,ZSU_23_4,HB19474.jpeg,.jpeg,158,158,L
Train,ZSU_23_4,HB19476.jpeg,.jpeg,158,158,L
Train,ZSU_23_4,HB19478.jpeg,.jpeg,158,158,L
Train,ZSU_23_4,HB19479.jpeg,.jpeg,158,158,L
Train,ZSU_23_4,HB19481.jpeg,.jpeg,158,158,L
Train,ZSU_23_4,HB19483.jpeg,.jpeg,158,158,L
Train,ZSU_23_4,HB19487.jpeg,.jpeg,158,158,L
Train,ZSU_23_4,HB19491.jpeg,.jpeg,158,158,L
Train,ZSU_23_4,HB19495.jpeg,.jpeg,158,158,L
Train,ZSU_23_4,HB19499.jpeg,.jpeg,158,158,L
Train,ZSU_23_4,HB19501.jpeg,.jpeg,158,158,L
Train,ZSU_23_4,HB19503.jpeg,.jpeg,158,158,L
Train,ZSU_23_4,HB19505.jpeg,.jpeg,158,158,L
Train,ZSU_23_4,HB19507.jpeg,.jpeg,158,158,L
Train,ZSU_23_4,HB19508.jpeg,.jpeg,158,158,L
Train,ZSU_23_4,HB19512.jpeg,.jpeg,158,158,L
Train,ZSU_23_4,HB19514.jpeg,.jpeg,158,158,L
Train,ZSU_23_4,HB19516.jpeg,.jpeg,158,158,L
Train,ZSU_23_4,HB19518.jpeg,.jpeg,158,158,L
Train,ZSU_23_4,HB19520.jpeg,.jpeg,158,158,L
Train,ZSU_23_4,HB19522.jpeg,.jpeg,158,158,L
Train,ZSU_23_4,HB19526.jpeg,.jpeg,158,158,L
Train,ZSU_23_4,HB19528.jpeg,.jpeg,158,158,L
Train,ZSU_23_4,HB19530.jpeg,.jpeg,158,158,L
Train,ZSU_23_4,HB19534.jpeg,.jpeg,158,158,L
Train,ZSU_23_4,HB19536.jpeg,.jpeg,158,158,L
Train,ZSU_23_4,HB19538.jpeg,.jpeg,158,158,L
Train,ZSU_23_4,HB19540.jpeg,.jpeg,158,158,L
Train,ZSU_23_4,HB19542.jpeg,.jpeg,158,158,L
Train,ZSU_23_4,HB19544.jpeg,.jpeg,158,158,L
Train,ZSU_23_4,HB19545.jpeg,.jpeg,158,158,L
Train,ZSU_23_4,HB19547.jpeg,.jpeg,158,158,L
Train,ZSU_23_4,HB19549.jpeg,.jpeg,158,158,L
Train,ZSU_23_4,HB19551.jpeg,.jpeg,158,158,L
Train,ZSU_23_4,HB19553.jpeg,.jpeg,158,158,L
Train,ZSU_23_4,HB19555.jpeg,.jpeg,158,158,L
Train,ZSU_23_4,HB19557.jpeg,.jpeg,158,158,L
Train,ZSU_23_4,HB19559.jpeg,.jpeg,158,158,L
Train,ZSU_23_4,HB19561.jpeg,.jpeg,158,158,L
Train,ZSU_23_4,HB19563.jpeg,.jpeg,158,158,L
Train,ZSU_23_4,HB19567.jpeg,.jpeg,158,158,L
Train,ZSU_23_4,HB19569.jpeg,.jpeg,158,158,L
Train,ZSU_23_4,HB19571.jpeg,.jpeg,158,158,L
Train,ZSU_23_4,HB19573.jpeg,.jpeg,158,158,L
Train,ZSU_23_4,HB19575.jpeg,.jpeg,158,158,L
Train,ZSU_23_4,HB19579.jpeg,.jpeg,158,158,L
Train,ZSU_23_4,HB19581.jpeg,.jpeg,158,158,L
Train,ZSU_23_4,HB19583.jpeg,.jpeg,158,158,L
Train,ZSU_23_4,HB19780.jpeg,.jpeg,158,158,L
Train,ZSU_23_4,HB19781.jpeg,.jpeg,158,158,L
Train,ZSU_23_4,HB19782.jpeg,.jpeg,158,158,L
Train,ZSU_23_4,HB19783.jpeg,.jpeg,158,158,L
Train,ZSU_23_4,HB19784.jpeg,.jpeg,158,158,L
Train,ZSU_23_4,HB19785.jpeg,.jpeg,158,158,L
Train,ZSU_23_4,HB19786.jpeg,.jpeg,158,158,L
Train,ZSU_23_4,HB19787.jpeg,.jpeg,158,158,L
Train,ZSU_23_4,HB19788.jpeg,.jpeg,158,158,L
Train,ZSU_23_4,HB19789.jpeg,.jpeg,158,158,L
Train,ZSU_23_4,HB19790.jpeg,.jpeg,158,158,L
Train,ZSU_23_4,HB19791.jpeg,.jpeg,158,158,L
Train,ZSU_23_4,HB19792.jpeg,.jpeg,158,158,L
Train,ZSU_23_4,HB19793.jpeg,.jpeg,158,158,L
Train,ZSU_23_4,HB19794.jpeg,.jpeg,158,158,L
Train,ZSU_23_4,HB19795.jpeg,.jpeg,158,158,L
Train,ZSU_23_4,HB19797.jpeg,.jpeg,158,158,L
Train,ZSU_23_4,HB19798.jpeg,.jpeg,158,158,L
Train,ZSU_23_4,HB19799.jpeg,.jpeg,158,158,L
Train,ZSU_23_4,HB19801.jpeg,.jpeg,158,158,L
Train,ZSU_23_4,HB19803.jpeg,.jpeg,158,158,L
Train,ZSU_23_4,HB19804.jpeg,.jpeg,158,158,L
Train,ZSU_23_4,HB19805.jpeg,.jpeg,158,158,L
Train,ZSU_23_4,HB19806.jpeg,.jpeg,158,158,L
Train,ZSU_23_4,HB19807.jpeg,.jpeg,158,158,L
Train,ZSU_23_4,HB19808.jpeg,.jpeg,158,158,L
Train,ZSU_23_4,HB19809.jpeg,.jpeg,158,158,L
Train,ZSU_23_4,HB19810.jpeg,.jpeg,158,158,L
Train,ZSU_23_4,HB19811.jpeg,.jpeg,158,158,L
Train,ZSU_23_4,HB19812.jpeg,.jpeg,158,158,L
Train,ZSU_23_4,HB19813.jpeg,.jpeg,158,158,L
Train,ZSU_23_4,HB19814.jpeg,.jpeg,158,158,L
Train,ZSU_23_4,HB19816.jpeg,.jpeg,158,158,L
Train,ZSU_23_4,HB19817.jpeg,.jpeg,158,158,L
Train,ZSU_23_4,HB19818.jpeg,.jpeg,158,158,L
Train,ZSU_23_4,HB19820.jpeg,.jpeg,158,158,L
Train,ZSU_23_4,HB19821.jpeg,.jpeg,158,158,L
Train,ZSU_23_4,HB19822.jpeg,.jpeg,158,158,L
Train,ZSU_23_4,HB19823.jpeg,.jpeg,158,158,L
Train,ZSU_23_4,HB19824.jpeg,.jpeg,158,158,L
Train,ZSU_23_4,HB19825.jpeg,.jpeg,158,158,L
Train,ZSU_23_4,HB19826.jpeg,.jpeg,158,158,L
Train,ZSU_23_4,HB19827.jpeg,.jpeg,158,158,L
Train,ZSU_23_4,HB19828.jpeg,.jpeg,158,158,L
Train,ZSU_23_4,HB19829.jpeg,.jpeg,158,158,L
Train,ZSU_23_4,HB19830.jpeg,.jpeg,158,158,L
Train,ZSU_23_4,HB19831.jpeg,.jpeg,158,158,L
Train,ZSU_23_4,HB19833.jpeg,.jpeg,158,158,L
Train,ZSU_23_4,HB19834.jpeg,.jpeg,158,158,L
Train,ZSU_23_4,HB19835.jpeg,.jpeg,158,158,L
Train,ZSU_23_4,HB19836.jpeg,.jpeg,158,158,L
Train,ZSU_23_4,HB19838.jpeg,.jpeg,158,158,L
Train,ZSU_23_4,HB19839.jpeg,.jpeg,158,158,L
Train,ZSU_23_4,HB19840.jpeg,.jpeg,158,158,L
Train,ZSU_23_4,HB19841.jpeg,.jpeg,158,158,L
Train,ZSU_23_4,HB19842.jpeg,.jpeg,158,158,L
Train,ZSU_23_4,HB19843.jpeg,.jpeg,158,158,L
Train,ZSU_23_4,HB19844.jpeg,.jpeg,158,158,L
Train,ZSU_23_4,HB19845.jpeg,.jpeg,158,158,L
Train,ZSU_23_4,HB19846.jpeg,.jpeg,158,158,L
Train,ZSU_23_4,HB19847.jpeg,.jpeg,158,158,L
Train,ZSU_23_4,HB19848.jpeg,.jpeg,158,158,L
Train,ZSU_23_4,HB19849.jpeg,.jpeg,158,158,L
Train,ZSU_23_4,HB19850.jpeg,.jpeg,158,158,L
Train,ZSU_23_4,HB19851.jpeg,.jpeg,158,158,L
Train,ZSU_23_4,HB19852.jpeg,.jpeg,158,158,L
Train,ZSU_23_4,HB19853.jpeg,.jpeg,158,158,L
Train,ZSU_23_4,HB19854.jpeg,.jpeg,158,158,L
Train,ZSU_23_4,HB19855.jpeg,.jpeg,158,158,L
Train,ZSU_23_4,HB19856.jpeg,.jpeg,158,158,L
Train,ZSU_23_4,HB19857.jpeg,.jpeg,158,158,L
Train,ZSU_23_4,HB19858.jpeg,.jpeg,158,158,L
Train,ZSU_23_4,HB19859.jpeg,.jpeg,158,158,L
Train,ZSU_23_4,HB19860.jpeg,.jpeg,158,158,L
Train,ZSU_23_4,HB19861.jpeg,.jpeg,158,158,L
Train,ZSU_23_4,HB19862.jpeg,.jpeg,158,158,L
Train,ZSU_23_4,HB19863.jpeg,.jpeg,158,158,L
Train,ZSU_23_4,HB19864.jpeg,.jpeg,158,158,L
Train,ZSU_23_4,HB19865.jpeg,.jpeg,158,158,L
Train,ZSU_23_4,HB19867.jpeg,.jpeg,158,158,L
Train,ZSU_23_4,HB19868.jpeg,.jpeg,158,158,L
Train,ZSU_23_4,HB19869.jpeg,.jpeg,158,158,L
Train,ZSU_23_4,HB19871.jpeg,.jpeg,158,158,L
Train,ZSU_23_4,HB19872.jpeg,.jpeg,158,158,L
Train,ZSU_23_4,HB19873.jpeg,.jpeg,158,158,L
Train,ZSU_23_4,HB19874.jpeg,.jpeg,158,158,L
Train,ZSU_23_4,HB19875.jpeg,.jpeg,158,158,L
Train,ZSU_23_4,HB19876.jpeg,.jpeg,158,158,L
Train,ZSU_23_4,HB19877.jpeg,.jpeg,158,158,L
Train,ZSU_23_4,HB19878.jpeg,.jpeg,158,158,L
Train,ZSU_23_4,HB19879.jpeg,.jpeg,158,158,L
Train,ZSU_23_4,HB19880.jpeg,.jpeg,158,158,L
Train,ZSU_23_4,HB19881.jpeg,.jpeg,158,158,L
Train,ZSU_23_4,HB19882.jpeg,.jpeg,158,158,L
Train,ZSU_23_4,HB19883.jpeg,.jpeg,158,158,L
Train,ZSU_23_4,HB19884.jpeg,.jpeg,158,158,L
Train,ZSU_23_4,HB19885.jpeg,.jpeg,158,158,L
Train,ZSU_23_4,HB19887.jpeg,.jpeg,158,158,L
Train,ZSU_23_4,HB19888.jpeg,.jpeg,158,158,L
Train,ZSU_23_4,HB19889.jpeg,.jpeg,158,158,L
Train,ZSU_23_4,HB19890.jpeg,.jpeg,158,158,L
Train,ZSU_23_4,HB19891.jpeg,.jpeg,158,158,L
Train,ZSU_23_4,HB19892.jpeg,.jpeg,158,158,L
Train,ZSU_23_4,HB19893.jpeg,.jpeg,158,158,L
Train,ZSU_23_4,HB19894.jpeg,.jpeg,158,158,L
Train,ZSU_23_4,HB19895.jpeg,.jpeg,158,158,L
Train,ZSU_23_4,HB19896.jpeg,.jpeg,158,158,L
Train,ZSU_23_4,HB19897.jpeg,.jpeg,158,158,L
Train,ZSU_23_4,HB19898.jpeg,.jpeg,158,158,L
Train,ZSU_23_4,HB19899.jpeg,.jpeg,158,158,L
Train,ZSU_23_4,HB19901.jpeg,.jpeg,158,158,L
Train,ZSU_23_4,HB19902.jpeg,.jpeg,158,158,L
Train,ZSU_23_4,HB19903.jpeg,.jpeg,158,158,L
Train,ZSU_23_4,HB19906.jpeg,.jpeg,158,158,L
Train,ZSU_23_4,HB19907.jpeg,.jpeg,158,158,L
Train,ZSU_23_4,HB19908.jpeg,.jpeg,158,158,L
Train,ZSU_23_4,HB19909.jpeg,.jpeg,158,158,L
Train,ZSU_23_4,HB19910.jpeg,.jpeg,158,158,L
Train,ZSU_23_4,HB19911.jpeg,.jpeg,158,158,L
Train,ZSU_23_4,HB19912.jpeg,.jpeg,158,158,L
Train,ZSU_23_4,HB19913.jpeg,.jpeg,158,158,L
Train,ZSU_23_4,HB19914.jpeg,.jpeg,158,158,L
Train,ZSU_23_4,HB19915.jpeg,.jpeg,158,158,L
Train,ZSU_23_4,HB19916.jpeg,.jpeg,158,158,L
Train,ZSU_23_4,HB19917.jpeg,.jpeg,158,158,L
Train,ZSU_23_4,HB19918.jpeg,.jpeg,158,158,L
Train,ZSU_23_4,HB19919.jpeg,.jpeg,158,158,L
Train,ZSU_23_4,HB19920.jpeg,.jpeg,158,158,L
Train,ZSU_23_4,HB19923.jpeg,.jpeg,158,158,L
Train,ZSU_23_4,HB19924.jpeg,.jpeg,158,158,L
Train,ZSU_23_4,HB19925.jpeg,.jpeg,158,158,L
Train,ZSU_23_4,HB19926.jpeg,.jpeg,158,158,L
Train,ZSU_23_4,HB19927.jpeg,.jpeg,158,158,L
Train,ZSU_23_4,HB19928.jpeg,.jpeg,158,158,L
Train,ZSU_23_4,HB19929.jpeg,.jpeg,158,158,L
Train,ZSU_23_4,HB19930.jpeg,.jpeg,158,158,L
Train,ZSU_23_4,HB19931.jpeg,.jpeg,158,158,L
Train,ZSU_23_4,HB19932.jpeg,.jpeg,158,158,L
Train,ZSU_23_4,HB19933.jpeg,.jpeg,158,158,L
Train,ZSU_23_4,HB19934.jpeg,.jpeg,158,158,L
Train,ZSU_23_4,HB19935.jpeg,.jpeg,158,158,L
Train,ZSU_23_4,HB19936.jpeg,.jpeg,158,158,L
Train,ZSU_23_4,HB19938.jpeg,.jpeg,158,158,L
Train,ZSU_23_4,HB19939.jpeg,.jpeg,158,158,L
Train,ZSU_23_4,HB19941.jpeg,.jpeg,158,158,L
Train,ZSU_23_4,HB19942.jpeg,.jpeg,158,158,L
Train,ZSU_23_4,HB19943.jpeg,.jpeg,158,158,L
Train,ZSU_23_4,HB19944.jpeg,.jpeg,158,158,L
Train,ZSU_23_4,HB19945.jpeg,.jpeg,158,158,L
Train,ZSU_23_4,HB19946.jpeg,.jpeg,158,158,L
Train,ZSU_23_4,HB19947.jpeg,.jpeg,158,158,L
Train,ZSU_23_4,HB19949.jpeg,.jpeg,158,158,L
Train,ZSU_23_4,HB19950.jpeg,.jpeg,158,158,L
Train,ZSU_23_4,HB19951.jpeg,.jpeg,158,158,L
Train,ZSU_23_4,HB19952.jpeg,.jpeg,158,158,L
Train,ZSU_23_4,HB19953.jpeg,.jpeg,158,158,L
Train,ZSU_23_4,HB19954.jpeg,.jpeg,158,158,L
Train,ZSU_23_4,HB19955.jpeg,.jpeg,158,158,L
Train,ZSU_23_4,HB19957.jpeg,.jpeg,158,158,L
Train,ZSU_23_4,HB19958.jpeg,.jpeg,158,158,L
Train,ZSU_23_4,HB19959.jpeg,.jpeg,158,158,L
Train,ZSU_23_4,HB19960.jpeg,.jpeg,158,158,L
Train,ZSU_23_4,HB19961.jpeg,.jpeg,158,158,L
Train,ZSU_23_4,HB19962.jpeg,.jpeg,158,158,L
Train,ZSU_23_4,HB19963.jpeg,.jpeg,158,158,L
Train,ZSU_23_4,HB19964.jpeg,.jpeg,158,158,L
Train,ZSU_23_4,HB19965.jpeg,.jpeg,158,158,L
Train,ZSU_23_4,HB19966.jpeg,.jpeg,158,158,L
Train,ZSU_23_4,HB19967.jpeg,.jpeg,158,158,L
Train,ZSU_23_4,HB19968.jpeg,.jpeg,158,158,L
Train,ZSU_23_4,HB19969.jpeg,.jpeg,158,158,L
Train,ZSU_23_4,HB19971.jpeg,.jpeg,158,158,L
Train,ZSU_23_4,HB19972.jpeg,.jpeg,158,158,L
Train,ZSU_23_4,HB19973.jpeg,.jpeg,158,158,L
Train,ZSU_23_4,HB19975.jpeg,.jpeg,158,158,L
Train,ZSU_23_4,HB19976.jpeg,.jpeg,158,158,L
Train,ZSU_23_4,HB19977.jpeg,.jpeg,158,158,L
Train,ZSU_23_4,HB19978.jpeg,.jpeg,158,158,L
Train,ZSU_23_4,HB19979.jpeg,.jpeg,158,158,L
Train,ZSU_23_4,HB19980.jpeg,.jpeg,158,158,L
Train,ZSU_23_4,HB19981.jpeg,.jpeg,158,158,L
Train,ZSU_23_4,HB19982.jpeg,.jpeg,158,158,L
Train,ZSU_23_4,HB19983.jpeg,.jpeg,158,158,L
Train,ZSU_23_4,HB19984.jpeg,.jpeg,158,158,L
Train,ZSU_23_4,HB19986.jpeg,.jpeg,158,158,L
Train,ZSU_23_4,HB19987.jpeg,.jpeg,158,158,L
Train,ZSU_23_4,HB19988.jpeg,.jpeg,158,158,L
Train,ZSU_23_4,HB19989.jpeg,.jpeg,158,158,L
Train,ZSU_23_4,HB19990.jpeg,.jpeg,158,158,L
Train,ZSU_23_4,HB19992.jpeg,.jpeg,158,158,L
Train,ZSU_23_4,HB19993.jpeg,.jpeg,158,158,L
Train,ZSU_23_4,HB19994.jpeg,.jpeg,158,158,L
Train,ZSU_23_4,HB19995.jpeg,.jpeg,158,158,L
Train,ZSU_23_4,HB19996.jpeg,.jpeg,158,158,L
Train,ZSU_23_4,HB19997.jpeg,.jpeg,158,158,L
Train,ZSU_23_4,HB19998.jpeg,.jpeg,158,158,L
Train,ZSU_23_4,HB19999.jpeg,.jpeg,158,158,L
Train,ZSU_23_4,HB20000.jpeg,.jpeg,158,158,L
Train,ZSU_23_4,HB20001.jpeg,.jpeg,158,158,L
Train,ZSU_23_4,HB20002.jpeg,.jpeg,158,158,L
Train,ZSU_23_4,HB20007.jpeg,.jpeg,158,158,L
Train,ZSU_23_4,HB20008.jpeg,.jpeg,158,158,L
Train,ZSU_23_4,HB20009.jpeg,.jpeg,158,158,L
Train,ZSU_23_4,HB20010.jpeg,.jpeg,158,158,L
Train,ZSU_23_4,HB20011.jpeg,.jpeg,158,158,L
Train,ZSU_23_4,HB20012.jpeg,.jpeg,158,158,L
Train,ZSU_23_4,HB20013.jpeg,.jpeg,158,158,L
Test,2S1,HB14931.jpeg,.jpeg,158,158,L
Test,2S1,HB14932.jpeg,.jpeg,158,158,L
Test,2S1,HB14933.jpeg,.jpeg,158,158,L
Test,2S1,HB14934.jpeg,.jpeg,158,158,L
Test,2S1,HB14935.jpeg,.jpeg,158,158,L
Test,2S1,HB14936.jpeg,.jpeg,158,158,L
Test,2S1,HB14937.jpeg,.jpeg,158,158,L
Test,2S1,HB14938.jpeg,.jpeg,158,158,L
Test,2S1,HB14939.jpeg,.jpeg,158,158,L
Test,2S1,HB14940.jpeg,.jpeg,158,158,L
Test,2S1,HB14941.jpeg,.jpeg,158,158,L
Test,2S1,HB14942.jpeg,.jpeg,158,158,L
Test,2S1,HB14943.jpeg,.jpeg,158,158,L
Test,2S1,HB14944.jpeg,.jpeg,158,158,L
Test,2S1,HB14945.jpeg,.jpeg,158,158,L
Test,2S1,HB14946.jpeg,.jpeg,158,158,L
Test,2S1,HB14947.jpeg,.jpeg,158,158,L
Test,2S1,HB14948.jpeg,.jpeg,158,158,L
Test,2S1,HB14950.jpeg,.jpeg,158,158,L
Test,2S1,HB14951.jpeg,.jpeg,158,158,L
Test,2S1,HB14954.jpeg,.jpeg,158,158,L
Test,2S1,HB14955.jpeg,.jpeg,158,158,L
Test,2S1,HB14956.jpeg,.jpeg,158,158,L
Test,2S1,HB14957.jpeg,.jpeg,158,158,L
Test,2S1,HB14958.jpeg,.jpeg,158,158,L
Test,2S1,HB14959.jpeg,.jpeg,158,158,L
Test,2S1,HB14960.jpeg,.jpeg,158,158,L
Test,2S1,HB14961.jpeg,.jpeg,158,158,L
Test,2S1,HB14962.jpeg,.jpeg,158,158,L
Test,2S1,HB14963.jpeg,.jpeg,158,158,L
Test,2S1,HB14964.jpeg,.jpeg,158,158,L
Test,2S1,HB14965.jpeg,.jpeg,158,158,L
Test,2S1,HB14967.jpeg,.jpeg,158,158,L
Test,2S1,HB14968.jpeg,.jpeg,158,158,L
Test,2S1,HB14969.jpeg,.jpeg,158,158,L
Test,2S1,HB14970.jpeg,.jpeg,158,158,L
Test,2S1,HB14971.jpeg,.jpeg,158,158,L
Test,2S1,HB14972.jpeg,.jpeg,158,158,L
Test,2S1,HB14973.jpeg,.jpeg,158,158,L
Test,2S1,HB14974.jpeg,.jpeg,158,158,L
Test,2S1,HB14975.jpeg,.jpeg,158,158,L
Test,2S1,HB14976.jpeg,.jpeg,158,158,L
Test,2S1,HB14977.jpeg,.jpeg,158,158,L
Test,2S1,HB14978.jpeg,.jpeg,158,158,L
Test,2S1,HB14979.jpeg,.jpeg,158,158,L
Test,2S1,HB14980.jpeg,.jpeg,158,158,L
Test,2S1,HB14981.jpeg,.jpeg,158,158,L
Test,2S1,HB14982.jpeg,.jpeg,158,158,L
Test,2S1,HB14983.jpeg,.jpeg,158,158,L
Test,2S1,HB14984.jpeg,.jpeg,158,158,L
Test,2S1,HB14986.jpeg,.jpeg,158,158,L
Test,2S1,HB14987.jpeg,.jpeg,158,158,L
Test,2S1,HB14990.jpeg,.jpeg,158,158,L
Test,2S1,HB14991.jpeg,.jpeg,158,158,L
Test,2S1,HB14992.jpeg,.jpeg,158,158,L
Test,2S1,HB14993.jpeg,.jpeg,158,158,L
Test,2S1,HB14994.jpeg,.jpeg,158,158,L
Test,2S1,HB14995.jpeg,.jpeg,158,158,L
Test,2S1,HB14997.jpeg,.jpeg,158,158,L
Test,2S1,HB14998.jpeg,.jpeg,158,158,L
Test,2S1,HB14999.jpeg,.jpeg,158,158,L
Test,2S1,HB15000.jpeg,.jpeg,158,158,L
Test,2S1,HB15001.jpeg,.jpeg,158,158,L
Test,2S1,HB15002.jpeg,.jpeg,158,158,L
Test,2S1,HB15003.jpeg,.jpeg,158,158,L
Test,2S1,HB15004.jpeg,.jpeg,158,158,L
Test,2S1,HB15005.jpeg,.jpeg,158,158,L
Test,2S1,HB15006.jpeg,.jpeg,158,158,L
Test,2S1,HB15008.jpeg,.jpeg,158,158,L
Test,2S1,HB15009.jpeg,.jpeg,158,158,L
Test,2S1,HB15010.jpeg,.jpeg,158,158,L
Test,2S1,HB15011.jpeg,.jpeg,158,158,L
Test,2S1,HB15012.jpeg,.jpeg,158,158,L
Test,2S1,HB15013.jpeg,.jpeg,158,158,L
Test,2S1,HB15014.jpeg,.jpeg,158,158,L
Test,2S1,HB15015.jpeg,.jpeg,158,158,L
Test,2S1,HB15016.jpeg,.jpeg,158,158,L
Test,2S1,HB15017.jpeg,.jpeg,158,158,L
Test,2S1,HB15018.jpeg,.jpeg,158,158,L
Test,2S1,HB15019.jpeg,.jpeg,158,158,L
Test,2S1,HB15020.jpeg,.jpeg,158,158,L
Test,2S1,HB15021.jpeg,.jpeg,158,158,L
Test,2S1,HB15022.jpeg,.jpeg,158,158,L
Test,2S1,HB15025.jpeg,.jpeg,158,158,L
Test,2S1,HB15026.jpeg,.jpeg,158,158,L
Test,2S1,HB15027.jpeg,.jpeg,158,158,L
Test,2S1,HB15028.jpeg,.jpeg,158,158,L
Test,2S1,HB15029.jpeg,.jpeg,158,158,L
Test,2S1,HB15030.jpeg,.jpeg,158,158,L
Test,2S1,HB15031.jpeg,.jpeg,158,158,L
Test,2S1,HB15032.jpeg,.jpeg,158,158,L
Test,2S1,HB15033.jpeg,.jpeg,158,158,L
Test,2S1,HB15034.jpeg,.jpeg,158,158,L
Test,2S1,HB15036.jpeg,.jpeg,158,158,L
Test,2S1,HB15037.jpeg,.jpeg,158,158,L
Test,2S1,HB15038.jpeg,.jpeg,158,158,L
Test,2S1,HB15039.jpeg,.jpeg,158,158,L
Test,2S1,HB15041.jpeg,.jpeg,158,158,L
Test,2S1,HB15042.jpeg,.jpeg,158,158,L
Test,2S1,HB15043.jpeg,.jpeg,158,158,L
Test,2S1,HB15044.jpeg,.jpeg,158,158,L
Test,2S1,HB15045.jpeg,.jpeg,158,158,L
Test,2S1,HB15046.jpeg,.jpeg,158,158,L
Test,2S1,HB15047.jpeg,.jpeg,158,158,L
Test,2S1,HB15048.jpeg,.jpeg,158,158,L
Test,2S1,HB15049.jpeg,.jpeg,158,158,L
Test,2S1,HB15050.jpeg,.jpeg,158,158,L
Test,2S1,HB15051.jpeg,.jpeg,158,158,L
Test,2S1,HB15052.jpeg,.jpeg,158,158,L
Test,2S1,HB15054.jpeg,.jpeg,158,158,L
Test,2S1,HB15055.jpeg,.jpeg,158,158,L
Test,2S1,HB15056.jpeg,.jpeg,158,158,L
Test,2S1,HB15057.jpeg,.jpeg,158,158,L
Test,2S1,HB15060.jpeg,.jpeg,158,158,L
Test,2S1,HB15062.jpeg,.jpeg,158,158,L
Test,2S1,HB15063.jpeg,.jpeg,158,158,L
Test,2S1,HB15064.jpeg,.jpeg,158,158,L
Test,2S1,HB15065.jpeg,.jpeg,158,158,L
Test,2S1,HB15066.jpeg,.jpeg,158,158,L
Test,2S1,HB15067.jpeg,.jpeg,158,158,L
Test,2S1,HB15068.jpeg,.jpeg,158,158,L
Test,2S1,HB15069.jpeg,.jpeg,158,158,L
Test,2S1,HB15070.jpeg,.jpeg,158,158,L
Test,2S1,HB15072.jpeg,.jpeg,158,158,L
Test,2S1,HB15073.jpeg,.jpeg,158,158,L
Test,2S1,HB15074.jpeg,.jpeg,158,158,L
Test,2S1,HB15075.jpeg,.jpeg,158,158,L
Test,2S1,HB15076.jpeg,.jpeg,158,158,L
Test,2S1,HB15077.jpeg,.jpeg,158,158,L
Test,2S1,HB15078.jpeg,.jpeg,158,158,L
Test,2S1,HB15079.jpeg,.jpeg,158,158,L
Test,2S1,HB15080.jpeg,.jpeg,158,158,L
Test,2S1,HB15082.jpeg,.jpeg,158,158,L
Test,2S1,HB15083.jpeg,.jpeg,158,158,L
Test,2S1,HB15084.jpeg,.jpeg,158,158,L
Test,2S1,HB15085.jpeg,.jpeg,158,158,L
Test,2S1,HB15086.jpeg,.jpeg,158,158,L
Test,2S1,HB15087.jpeg,.jpeg,158,158,L
Test,2S1,HB15088.jpeg,.jpeg,158,158,L
Test,2S1,HB15090.jpeg,.jpeg,158,158,L
Test,2S1,HB15091.jpeg,.jpeg,158,158,L
Test,2S1,HB15092.jpeg,.jpeg,158,158,L
Test,2S1,HB15096.jpeg,.jpeg,158,158,L
Test,2S1,HB15097.jpeg,.jpeg,158,158,L
Test,2S1,HB15098.jpeg,.jpeg,158,158,L
Test,2S1,HB15100.jpeg,.jpeg,158,158,L
Test,2S1,HB15101.jpeg,.jpeg,158,158,L
Test,2S1,HB15102.jpeg,.jpeg,158,158,L
Test,2S1,HB15103.jpeg,.jpeg,158,158,L
Test,2S1,HB15104.jpeg,.jpeg,158,158,L
Test,2S1,HB15106.jpeg,.jpeg,158,158,L
Test,2S1,HB15108.jpeg,.jpeg,158,158,L
Test,2S1,HB15109.jpeg,.jpeg,158,158,L
Test,2S1,HB15111.jpeg,.jpeg,158,158,L
Test,2S1,HB15112.jpeg,.jpeg,158,158,L
Test,2S1,HB15113.jpeg,.jpeg,158,158,L
Test,2S1,HB15114.jpeg,.jpeg,158,158,L
Test,2S1,HB15115.jpeg,.jpeg,158,158,L
Test,2S1,HB15116.jpeg,.jpeg,158,158,L
Test,2S1,HB15117.jpeg,.jpeg,158,158,L
Test,2S1,HB15118.jpeg,.jpeg,158,158,L
Test,2S1,HB15119.jpeg,.jpeg,158,158,L
Test,2S1,HB15120.jpeg,.jpeg,158,158,L
Test,2S1,HB15121.jpeg,.jpeg,158,158,L
Test,2S1,HB15122.jpeg,.jpeg,158,158,L
Test,2S1,HB15123.jpeg,.jpeg,158,158,L
Test,2S1,HB15124.jpeg,.jpeg,158,158,L
Test,2S1,HB15125.jpeg,.jpeg,158,158,L
Test,2S1,HB15129.jpeg,.jpeg,158,158,L
Test,2S1,HB15130.jpeg,.jpeg,158,158,L
Test,2S1,HB15132.jpeg,.jpeg,158,158,L
Test,2S1,HB15134.jpeg,.jpeg,158,158,L
Test,2S1,HB15135.jpeg,.jpeg,158,158,L
Test,2S1,HB15136.jpeg,.jpeg,158,158,L
Test,2S1,HB15138.jpeg,.jpeg,158,158,L
Test,2S1,HB15139.jpeg,.jpeg,158,158,L
Test,2S1,HB15140.jpeg,.jpeg,158,158,L
Test,2S1,HB15141.jpeg,.jpeg,158,158,L
Test,2S1,HB15142.jpeg,.jpeg,158,158,L
Test,2S1,HB15143.jpeg,.jpeg,158,158,L
Test,2S1,HB15144.jpeg,.jpeg,158,158,L
Test,2S1,HB15145.jpeg,.jpeg,158,158,L
Test,2S1,HB15146.jpeg,.jpeg,158,158,L
Test,2S1,HB15147.jpeg,.jpeg,158,158,L
Test,2S1,HB15148.jpeg,.jpeg,158,158,L
Test,2S1,HB15150.jpeg,.jpeg,158,158,L
Test,2S1,HB15151.jpeg,.jpeg,158,158,L
Test,2S1,HB15152.jpeg,.jpeg,158,158,L
Test,2S1,HB15154.jpeg,.jpeg,158,158,L
Test,2S1,HB15156.jpeg,.jpeg,158,158,L
Test,2S1,HB15157.jpeg,.jpeg,158,158,L
Test,2S1,HB15158.jpeg,.jpeg,158,158,L
Test,2S1,HB15161.jpeg,.jpeg,158,158,L
Test,2S1,HB15162.jpeg,.jpeg,158,158,L
Test,2S1,HB15163.jpeg,.jpeg,158,158,L
Test,2S1,HB15165.jpeg,.jpeg,158,158,L
Test,2S1,HB15166.jpeg,.jpeg,158,158,L
Test,2S1,HB15168.jpeg,.jpeg,158,158,L
Test,2S1,HB15169.jpeg,.jpeg,158,158,L
Test,2S1,HB15175.jpeg,.jpeg,158,158,L
Test,2S1,HB15176.jpeg,.jpeg,158,158,L
Test,2S1,HB15177.jpeg,.jpeg,158,158,L
Test,2S1,HB15178.jpeg,.jpeg,158,158,L
Test,2S1,HB15179.jpeg,.jpeg,158,158,L
Test,2S1,HB15180.jpeg,.jpeg,158,158,L
Test,2S1,HB15181.jpeg,.jpeg,158,158,L
Test,2S1,HB15182.jpeg,.jpeg,158,158,L
Test,2S1,HB15184.jpeg,.jpeg,158,158,L
Test,2S1,HB15185.jpeg,.jpeg,158,158,L
Test,2S1,HB15186.jpeg,.jpeg,158,158,L
Test,2S1,HB15190.jpeg,.jpeg,158,158,L
Test,2S1,HB15191.jpeg,.jpeg,158,158,L
Test,2S1,HB15192.jpeg,.jpeg,158,158,L
Test,2S1,HB15193.jpeg,.jpeg,158,158,L
Test,2S1,HB15194.jpeg,.jpeg,158,158,L
Test,2S1,HB15195.jpeg,.jpeg,158,158,L
Test,2S1,HB15196.jpeg,.jpeg,158,158,L
Test,2S1,HB15197.jpeg,.jpeg,158,158,L
Test,2S1,HB15198.jpeg,.jpeg,158,158,L
Test,2S1,HB15199.jpeg,.jpeg,158,158,L
Test,2S1,HB15201.jpeg,.jpeg,158,158,L
Test,2S1,HB15202.jpeg,.jpeg,158,158,L
Test,2S1,HB15203.jpeg,.jpeg,158,158,L
Test,2S1,HB15206.jpeg,.jpeg,158,158,L
Test,2S1,HB15207.jpeg,.jpeg,158,158,L
Test,2S1,HB15208.jpeg,.jpeg,158,158,L
Test,2S1,HB15209.jpeg,.jpeg,158,158,L
Test,2S1,HB15210.jpeg,.jpeg,158,158,L
Test,2S1,HB15211.jpeg,.jpeg,158,158,L
Test,2S1,HB15212.jpeg,.jpeg,158,158,L
Test,2S1,HB15214.jpeg,.jpeg,158,158,L
Test,2S1,HB15216.jpeg,.jpeg,158,158,L
Test,2S1,HB15217.jpeg,.jpeg,158,158,L
Test,2S1,HB15218.jpeg,.jpeg,158,158,L
Test,2S1,HB15220.jpeg,.jpeg,158,158,L
Test,2S1,HB15221.jpeg,.jpeg,158,158,L
Test,2S1,HB15223.jpeg,.jpeg,158,158,L
Test,2S1,HB15224.jpeg,.jpeg,158,158,L
Test,2S1,HB15227.jpeg,.jpeg,158,158,L
Test,2S1,HB15229.jpeg,.jpeg,158,158,L
Test,2S1,HB15230.jpeg,.jpeg,158,158,L
Test,2S1,HB15231.jpeg,.jpeg,158,158,L
Test,2S1,HB15232.jpeg,.jpeg,158,158,L
Test,2S1,HB15233.jpeg,.jpeg,158,158,L
Test,2S1,HB15235.jpeg,.jpeg,158,158,L
Test,2S1,HB15236.jpeg,.jpeg,158,158,L
Test,2S1,HB15237.jpeg,.jpeg,158,158,L
Test,2S1,HB15238.jpeg,.jpeg,158,158,L
Test,2S1,HB15239.jpeg,.jpeg,158,158,L
Test,2S1,HB15240.jpeg,.jpeg,158,158,L
Test,2S1,HB15241.jpeg,.jpeg,158,158,L
Test,2S1,HB15242.jpeg,.jpeg,158,158,L
Test,2S1,HB15243.jpeg,.jpeg,158,158,L
Test,2S1,HB15244.jpeg,.jpeg,158,158,L
Test,2S1,HB15245.jpeg,.jpeg,158,158,L
Test,2S1,HB15246.jpeg,.jpeg,158,158,L
Test,2S1,HB15247.jpeg,.jpeg,158,158,L
Test,2S1,HB15248.jpeg,.jpeg,158,158,L
Test,2S1,HB15251.jpeg,.jpeg,158,158,L
Test,2S1,HB15252.jpeg,.jpeg,158,158,L
Test,2S1,HB15254.jpeg,.jpeg,158,158,L
Test,2S1,HB15255.jpeg,.jpeg,158,158,L
Test,2S1,HB15256.jpeg,.jpeg,158,158,L
Test,2S1,HB15257.jpeg,.jpeg,158,158,L
Test,2S1,HB15258.jpeg,.jpeg,158,158,L
Test,2S1,HB15259.jpeg,.jpeg,158,158,L
Test,2S1,HB15260.jpeg,.jpeg,158,158,L
Test,2S1,HB15261.jpeg,.jpeg,158,158,L
Test,2S1,HB15262.jpeg,.jpeg,158,158,L
Test,2S1,HB15263.jpeg,.jpeg,158,158,L
Test,2S1,HB15264.jpeg,.jpeg,158,158,L
Test,2S1,HB15265.jpeg,.jpeg,158,158,L
Test,2S1,HB15266.jpeg,.jpeg,158,158,L
Test,2S1,HB15267.jpeg,.jpeg,158,158,L
Test,BMP2,HB03333.jpeg,.jpeg,128,128,L
Test,BMP2,HB03334.jpeg,.jpeg,128,128,L
Test,BMP2,HB03335.jpeg,.jpeg,128,128,L
Test,BMP2,HB03337.jpeg,.jpeg,128,128,L
Test,BMP2,HB03338.jpeg,.jpeg,128,128,L
Test,BMP2,HB03341.jpeg,.jpeg,128,128,L
Test,BMP2,HB03342.jpeg,.jpeg,128,128,L
Test,BMP2,HB03343.jpeg,.jpeg,128,128,L
Test,BMP2,HB03344.jpeg,.jpeg,128,128,L
Test,BMP2,HB03347.jpeg,.jpeg,128,128,L
Test,BMP2,HB03348.jpeg,.jpeg,128,128,L
Test,BMP2,HB03351.jpeg,.jpeg,128,128,L
Test,BMP2,HB03352.jpeg,.jpeg,128,128,L
Test,BMP2,HB03353.jpeg,.jpeg,128,128,L
Test,BMP2,HB03354.jpeg,.jpeg,128,128,L
Test,BMP2,HB03355.jpeg,.jpeg,128,128,L
Test,BMP2,HB03356.jpeg,.jpeg,128,128,L
Test,BMP2,HB03358.jpeg,.jpeg,128,128,L
Test,BMP2,HB03361.jpeg,.jpeg,128,128,L
Test,BMP2,HB03363.jpeg,.jpeg,128,128,L
Test,BMP2,HB03364.jpeg,.jpeg,128,128,L
Test,BMP2,HB03365.jpeg,.jpeg,128,128,L
Test,BMP2,HB03366.jpeg,.jpeg,128,128,L
Test,BMP2,HB03367.jpeg,.jpeg,128,128,L
Test,BMP2,HB03368.jpeg,.jpeg,128,128,L
Test,BMP2,HB03375.jpeg,.jpeg,128,128,L
Test,BMP2,HB03376.jpeg,.jpeg,128,128,L
Test,BMP2,HB03377.jpeg,.jpeg,128,128,L
Test,BMP2,HB03379.jpeg,.jpeg,128,128,L
Test,BMP2,HB03380.jpeg,.jpeg,128,128,L
Test,BMP2,HB03381.jpeg,.jpeg,128,128,L
Test,BMP2,HB03382.jpeg,.jpeg,128,128,L
Test,BMP2,HB03383.jpeg,.jpeg,128,128,L
Test,BMP2,HB03384.jpeg,.jpeg,128,128,L
Test,BMP2,HB03385.jpeg,.jpeg,128,128,L
Test,BMP2,HB03386.jpeg,.jpeg,128,128,L
Test,BMP2,HB03387.jpeg,.jpeg,128,128,L
Test,BMP2,HB03395.jpeg,.jpeg,128,128,L
Test,BMP2,HB03397.jpeg,.jpeg,128,128,L
Test,BMP2,HB03398.jpeg,.jpeg,128,128,L
Test,BMP2,HB03399.jpeg,.jpeg,128,128,L
Test,BMP2,HB03400.jpeg,.jpeg,128,128,L
Test,BMP2,HB03401.jpeg,.jpeg,128,128,L
Test,BMP2,HB03402.jpeg,.jpeg,128,128,L
Test,BMP2,HB03403.jpeg,.jpeg,128,128,L
Test,BMP2,HB03405.jpeg,.jpeg,128,128,L
Test,BMP2,HB03406.jpeg,.jpeg,128,128,L
Test,BMP2,HB03407.jpeg,.jpeg,128,128,L
Test,BMP2,HB03410.jpeg,.jpeg,128,128,L
Test,BMP2,HB03414.jpeg,.jpeg,128,128,L
Test,BMP2,HB03415.jpeg,.jpeg,128,128,L
Test,BMP2,HB03416.jpeg,.jpeg,128,128,L
Test,BMP2,HB03417.jpeg,.jpeg,128,128,L
Test,BMP2,HB03418.jpeg,.jpeg,128,128,L
Test,BMP2,HB03420.jpeg,.jpeg,128,128,L
Test,BMP2,HB03422.jpeg,.jpeg,128,128,L
Test,BMP2,HB03423.jpeg,.jpeg,128,128,L
Test,BMP2,HB03424.jpeg,.jpeg,128,128,L
Test,BMP2,HB03426.jpeg,.jpeg,128,128,L
Test,BMP2,HB03427.jpeg,.jpeg,128,128,L
Test,BMP2,HB03428.jpeg,.jpeg,128,128,L
Test,BMP2,HB03429.jpeg,.jpeg,128,128,L
Test,BMP2,HB03434.jpeg,.jpeg,128,128,L
Test,BMP2,HB03435.jpeg,.jpeg,128,128,L
Test,BMP2,HB03436.jpeg,.jpeg,128,128,L
Test,BMP2,HB03437.jpeg,.jpeg,128,128,L
Test,BMP2,HB03438.jpeg,.jpeg,128,128,L
Test,BMP2,HB03439.jpeg,.jpeg,128,128,L
Test,BMP2,HB03440.jpeg,.jpeg,128,128,L
Test,BMP2,HB03441.jpeg,.jpeg,128,128,L
Test,BMP2,HB03442.jpeg,.jpeg,128,128,L
Test,BMP2,HB03443.jpeg,.jpeg,128,128,L
Test,BMP2,HB03444.jpeg,.jpeg,128,128,L
Test,BMP2,HB03445.jpeg,.jpeg,128,128,L
Test,BMP2,HB03446.jpeg,.jpeg,128,128,L
Test,BMP2,HB04933.jpeg,.jpeg,128,128,L
Test,BMP2,HB04934.jpeg,.jpeg,128,128,L
Test,BMP2,HB04936.jpeg,.jpeg,128,128,L
Test,BMP2,HB04938.jpeg,.jpeg,128,128,L
Test,BMP2,HB04940.jpeg,.jpeg,128,128,L
Test,BMP2,HB04945.jpeg,.jpeg,128,128,L
Test,BMP2,HB04946.jpeg,.jpeg,128,128,L
Test,BMP2,HB04947.jpeg,.jpeg,128,128,L
Test,BMP2,HB04949.jpeg,.jpeg,128,128,L
Test,BMP2,HB04950.jpeg,.jpeg,128,128,L
Test,BMP2,HB04951.jpeg,.jpeg,128,128,L
Test,BMP2,HB04952.jpeg,.jpeg,128,128,L
Test,BMP2,HB04954.jpeg,.jpeg,128,128,L
Test,BMP2,HB04957.jpeg,.jpeg,128,128,L
Test,BMP2,HB04958.jpeg,.jpeg,128,128,L
Test,BMP2,HB04959.jpeg,.jpeg,128,128,L
Test,BMP2,HB04961.jpeg,.jpeg,128,128,L
Test,BMP2,HB04963.jpeg,.jpeg,128,128,L
Test,BMP2,HB04965.jpeg,.jpeg,128,128,L
Test,BMP2,HB04967.jpeg,.jpeg,128,128,L
Test,BMP2,HB04968.jpeg,.jpeg,128,128,L
Test,BMP2,HB04971.jpeg,.jpeg,128,128,L
Test,BMP2,HB04973.jpeg,.jpeg,128,128,L
Test,BMP2,HB04975.jpeg,.jpeg,128,128,L
Test,BMP2,HB04976.jpeg,.jpeg,128,128,L
Test,BMP2,HB04977.jpeg,.jpeg,128,128,L
Test,BMP2,HB04978.jpeg,.jpeg,128,128,L
Test,BMP2,HB04980.jpeg,.jpeg,128,128,L
Test,BMP2,HB04982.jpeg,.jpeg,128,128,L
Test,BMP2,HB04984.jpeg,.jpeg,128,128,L
Test,BMP2,HB04985.jpeg,.jpeg,128,128,L
Test,BMP2,HB04986.jpeg,.jpeg,128,128,L
Test,BMP2,HB04987.jpeg,.jpeg,128,128,L
Test,BMP2,HB04988.jpeg,.jpeg,128,128,L
Test,BMP2,HB04989.jpeg,.jpeg,128,128,L
Test,BMP2,HB04992.jpeg,.jpeg,128,128,L
Test,BMP2,HB04993.jpeg,.jpeg,128,128,L
Test,BMP2,HB04997.jpeg,.jpeg,128,128,L
Test,BMP2,HB04998.jpeg,.jpeg,128,128,L
Test,BMP2,HB04999.jpeg,.jpeg,128,128,L
Test,BMP2,HB05000.jpeg,.jpeg,128,128,L
Test,BMP2,HB05001.jpeg,.jpeg,128,128,L
Test,BMP2,HB05002.jpeg,.jpeg,128,128,L
Test,BMP2,HB05003.jpeg,.jpeg,128,128,L
Test,BMP2,HB05004.jpeg,.jpeg,128,128,L
Test,BMP2,HB05006.jpeg,.jpeg,128,128,L
Test,BMP2,HB05008.jpeg,.jpeg,128,128,L
Test,BMP2,HB05009.jpeg,.jpeg,128,128,L
Test,BMP2,HB05011.jpeg,.jpeg,128,128,L
Test,BMP2,HB05012.jpeg,.jpeg,128,128,L
Test,BMP2,HB05014.jpeg,.jpeg,128,128,L
Test,BMP2,HB05015.jpeg,.jpeg,128,128,L
Test,BMP2,HB05016.jpeg,.jpeg,128,128,L
Test,BMP2,HB05017.jpeg,.jpeg,128,128,L
Test,BMP2,HB05019.jpeg,.jpeg,128,128,L
Test,BMP2,HB05022.jpeg,.jpeg,128,128,L
Test,BMP2,HB05024.jpeg,.jpeg,128,128,L
Test,BMP2,HB05025.jpeg,.jpeg,128,128,L
Test,BMP2,HB05026.jpeg,.jpeg,128,128,L
Test,BMP2,HB05027.jpeg,.jpeg,128,128,L
Test,BMP2,HB05028.jpeg,.jpeg,128,128,L
Test,BMP2,HB05029.jpeg,.jpeg,128,128,L
Test,BMP2,HB05030.jpeg,.jpeg,128,128,L
Test,BMP2,HB05032.jpeg,.jpeg,128,128,L
Test,BMP2,HB05033.jpeg,.jpeg,128,128,L
Test,BMP2,HB05034.jpeg,.jpeg,128,128,L
Test,BMP2,HB05035.jpeg,.jpeg,128,128,L
Test,BMP2,HB05036.jpeg,.jpeg,128,128,L
Test,BMP2,HB05038.jpeg,.jpeg,128,128,L
Test,BMP2,HB05040.jpeg,.jpeg,128,128,L
Test,BMP2,HB05041.jpeg,.jpeg,128,128,L
Test,BMP2,HB05043.jpeg,.jpeg,128,128,L
Test,BMP2,HB05609.jpeg,.jpeg,128,128,L
Test,BMP2,HB05610.jpeg,.jpeg,128,128,L
Test,BMP2,HB05611.jpeg,.jpeg,128,128,L
Test,BMP2,HB05612.jpeg,.jpeg,128,128,L
Test,BMP2,HB05614.jpeg,.jpeg,128,128,L
Test,BMP2,HB05616.jpeg,.jpeg,128,128,L
Test,BMP2,HB05618.jpeg,.jpeg,128,128,L
Test,BMP2,HB05619.jpeg,.jpeg,128,128,L
Test,BMP2,HB05620.jpeg,.jpeg,128,128,L
Test,BMP2,HB05629.jpeg,.jpeg,128,128,L
Test,BMP2,HB05630.jpeg,.jpeg,128,128,L
Test,BMP2,HB05631.jpeg,.jpeg,128,128,L
Test,BMP2,HB05632.jpeg,.jpeg,128,128,L
Test,BMP2,HB05634.jpeg,.jpeg,128,128,L
Test,BMP2,HB05635.jpeg,.jpeg,128,128,L
Test,BMP2,HB05637.jpeg,.jpeg,128,128,L
Test,BMP2,HB05642.jpeg,.jpeg,128,128,L
Test,BMP2,HB05643.jpeg,.jpeg,128,128,L
Test,BMP2,HB05647.jpeg,.jpeg,128,128,L
Test,BMP2,HB05648.jpeg,.jpeg,128,128,L
Test,BMP2,HB05649.jpeg,.jpeg,128,128,L
Test,BMP2,HB05650.jpeg,.jpeg,128,128,L
Test,BMP2,HB05651.jpeg,.jpeg,128,128,L
Test,BMP2,HB05652.jpeg,.jpeg,128,128,L
Test,BMP2,HB05653.jpeg,.jpeg,128,128,L
Test,BMP2,HB05654.jpeg,.jpeg,128,128,L
Test,BMP2,HB05657.jpeg,.jpeg,128,128,L
Test,BMP2,HB05658.jpeg,.jpeg,128,128,L
Test,BMP2,HB05659.jpeg,.jpeg,128,128,L
Test,BMP2,HB05660.jpeg,.jpeg,128,128,L
Test,BMP2,HB05661.jpeg,.jpeg,128,128,L
Test,BMP2,HB05662.jpeg,.jpeg,128,128,L
Test,BMP2,HB05664.jpeg,.jpeg,128,128,L
Test,BMP2,HB05665.jpeg,.jpeg,128,128,L
Test,BMP2,HB05667.jpeg,.jpeg,128,128,L
Test,BMP2,HB05669.jpeg,.jpeg,128,128,L
Test,BMP2,HB05670.jpeg,.jpeg,128,128,L
Test,BMP2,HB05671.jpeg,.jpeg,128,128,L
Test,BMP2,HB05672.jpeg,.jpeg,128,128,L
Test,BMP2,HB05674.jpeg,.jpeg,128,128,L
Test,BMP2,HB05675.jpeg,.jpeg,128,128,L
Test,BMP2,HB05676.jpeg,.jpeg,128,128,L
Test,BMP2,HB05677.jpeg,.jpeg,128,128,L
Test,BMP2,HB05679.jpeg,.jpeg,128,128,L
Test,BMP2,HB05680.jpeg,.jpeg,128,128,L
Test,BMP2,HB05681.jpeg,.jpeg,128,128,L
Test,BMP2,HB05683.jpeg,.jpeg,128,128,L
Test,BMP2,HB05684.jpeg,.jpeg,128,128,L
Test,BRDM2,HB14931.jpeg,.jpeg,129,128,L
Test,BRDM2,HB14932.jpeg,.jpeg,129,128,L
Test,BRDM2,HB14933.jpeg,.jpeg,129,128,L
Test,BRDM2,HB14934.jpeg,.jpeg,129,128,L
Test,BRDM2,HB14935.jpeg,.jpeg,129,128,L
Test,BRDM2,HB14936.jpeg,.jpeg,129,128,L
Test,BRDM2,HB14937.jpeg,.jpeg,129,128,L
Test,BRDM2,HB14938.jpeg,.jpeg,129,128,L
Test,BRDM2,HB14939.jpeg,.jpeg,129,128,L
Test,BRDM2,HB14940.jpeg,.jpeg,129,128,L
Test,BRDM2,HB14941.jpeg,.jpeg,129,128,L
Test,BRDM2,HB14942.jpeg,.jpeg,129,128,L
Test,BRDM2,HB14943.jpeg,.jpeg,129,128,L
Test,BRDM2,HB14944.jpeg,.jpeg,129,128,L
Test,BRDM2,HB14945.jpeg,.jpeg,129,128,L
Test,BRDM2,HB14946.jpeg,.jpeg,129,128,L
Test,BRDM2,HB14947.jpeg,.jpeg,129,128,L
Test,BRDM2,HB14948.jpeg,.jpeg,129,128,L
Test,BRDM2,HB14950.jpeg,.jpeg,129,128,L
Test,BRDM2,HB14951.jpeg,.jpeg,129,128,L
Test,BRDM2,HB14954.jpeg,.jpeg,129,128,L
Test,BRDM2,HB14955.jpeg,.jpeg,129,128,L
Test,BRDM2,HB14956.jpeg,.jpeg,129,128,L
Test,BRDM2,HB14957.jpeg,.jpeg,129,128,L
Test,BRDM2,HB14958.jpeg,.jpeg,129,128,L
Test,BRDM2,HB14959.jpeg,.jpeg,129,128,L
Test,BRDM2,HB14960.jpeg,.jpeg,129,128,L
Test,BRDM2,HB14961.jpeg,.jpeg,129,128,L
Test,BRDM2,HB14962.jpeg,.jpeg,129,128,L
Test,BRDM2,HB14963.jpeg,.jpeg,129,128,L
Test,BRDM2,HB14964.jpeg,.jpeg,129,128,L
Test,BRDM2,HB14965.jpeg,.jpeg,129,128,L
Test,BRDM2,HB14967.jpeg,.jpeg,129,128,L
Test,BRDM2,HB14968.jpeg,.jpeg,129,128,L
Test,BRDM2,HB14969.jpeg,.jpeg,129,128,L
Test,BRDM2,HB14970.jpeg,.jpeg,129,128,L
Test,BRDM2,HB14971.jpeg,.jpeg,129,128,L
Test,BRDM2,HB14972.jpeg,.jpeg,129,128,L
Test,BRDM2,HB14973.jpeg,.jpeg,129,128,L
Test,BRDM2,HB14974.jpeg,.jpeg,129,128,L
Test,BRDM2,HB14975.jpeg,.jpeg,129,128,L
Test,BRDM2,HB14976.jpeg,.jpeg,129,128,L
Test,BRDM2,HB14977.jpeg,.jpeg,129,128,L
Test,BRDM2,HB14978.jpeg,.jpeg,129,128,L
Test,BRDM2,HB14979.jpeg,.jpeg,129,128,L
Test,BRDM2,HB14980.jpeg,.jpeg,129,128,L
Test,BRDM2,HB14981.jpeg,.jpeg,129,128,L
Test,BRDM2,HB14982.jpeg,.jpeg,129,128,L
Test,BRDM2,HB14983.jpeg,.jpeg,129,128,L
Test,BRDM2,HB14984.jpeg,.jpeg,129,128,L
Test,BRDM2,HB14986.jpeg,.jpeg,129,128,L
Test,BRDM2,HB14987.jpeg,.jpeg,129,128,L
Test,BRDM2,HB14990.jpeg,.jpeg,129,128,L
Test,BRDM2,HB14991.jpeg,.jpeg,129,128,L
Test,BRDM2,HB14992.jpeg,.jpeg,129,128,L
Test,BRDM2,HB14993.jpeg,.jpeg,129,128,L
Test,BRDM2,HB14994.jpeg,.jpeg,129,128,L
Test,BRDM2,HB14995.jpeg,.jpeg,129,128,L
Test,BRDM2,HB14997.jpeg,.jpeg,129,128,L
Test,BRDM2,HB14998.jpeg,.jpeg,129,128,L
Test,BRDM2,HB14999.jpeg,.jpeg,129,128,L
Test,BRDM2,HB15000.jpeg,.jpeg,129,128,L
Test,BRDM2,HB15001.jpeg,.jpeg,129,128,L
Test,BRDM2,HB15002.jpeg,.jpeg,129,128,L
Test,BRDM2,HB15003.jpeg,.jpeg,129,128,L
Test,BRDM2,HB15004.jpeg,.jpeg,129,128,L
Test,BRDM2,HB15005.jpeg,.jpeg,129,128,L
Test,BRDM2,HB15006.jpeg,.jpeg,129,128,L
Test,BRDM2,HB15008.jpeg,.jpeg,129,128,L
Test,BRDM2,HB15009.jpeg,.jpeg,129,128,L
Test,BRDM2,HB15010.jpeg,.jpeg,129,128,L
Test,BRDM2,HB15011.jpeg,.jpeg,129,128,L
Test,BRDM2,HB15012.jpeg,.jpeg,129,128,L
Test,BRDM2,HB15013.jpeg,.jpeg,129,128,L
Test,BRDM2,HB15014.jpeg,.jpeg,129,128,L
Test,BRDM2,HB15015.jpeg,.jpeg,129,128,L
Test,BRDM2,HB15016.jpeg,.jpeg,129,128,L
Test,BRDM2,HB15017.jpeg,.jpeg,129,128,L
Test,BRDM2,HB15018.jpeg,.jpeg,129,128,L
Test,BRDM2,HB15019.jpeg,.jpeg,129,128,L
Test,BRDM2,HB15020.jpeg,.jpeg,129,128,L
Test,BRDM2,HB15021.jpeg,.jpeg,129,128,L
Test,BRDM2,HB15022.jpeg,.jpeg,129,128,L
Test,BRDM2,HB15025.jpeg,.jpeg,129,128,L
Test,BRDM2,HB15026.jpeg,.jpeg,129,128,L
Test,BRDM2,HB15027.jpeg,.jpeg,129,128,L
Test,BRDM2,HB15028.jpeg,.jpeg,129,128,L
Test,BRDM2,HB15029.jpeg,.jpeg,129,128,L
Test,BRDM2,HB15030.jpeg,.jpeg,129,128,L
Test,BRDM2,HB15031.jpeg,.jpeg,129,128,L
Test,BRDM2,HB15032.jpeg,.jpeg,129,128,L
Test,BRDM2,HB15033.jpeg,.jpeg,129,128,L
Test,BRDM2,HB15034.jpeg,.jpeg,129,128,L
Test,BRDM2,HB15036.jpeg,.jpeg,129,128,L
Test,BRDM2,HB15037.jpeg,.jpeg,129,128,L
Test,BRDM2,HB15038.jpeg,.jpeg,129,128,L
Test,BRDM2,HB15039.jpeg,.jpeg,129,128,L
Test,BRDM2,HB15041.jpeg,.jpeg,129,128,L
Test,BRDM2,HB15042.jpeg,.jpeg,129,128,L
Test,BRDM2,HB15043.jpeg,.jpeg,129,128,L
Test,BRDM2,HB15044.jpeg,.jpeg,129,128,L
Test,BRDM2,HB15045.jpeg,.jpeg,129,128,L
Test,BRDM2,HB15046.jpeg,.jpeg,129,128,L
Test,BRDM2,HB15047.jpeg,.jpeg,129,128,L
Test,BRDM2,HB15048.jpeg,.jpeg,129,128,L
Test,BRDM2,HB15049.jpeg,.jpeg,129,128,L
Test,BRDM2,HB15050.jpeg,.jpeg,129,128,L
Test,BRDM2,HB15051.jpeg,.jpeg,129,128,L
Test,BRDM2,HB15052.jpeg,.jpeg,129,128,L
Test,BRDM2,HB15054.jpeg,.jpeg,129,128,L
Test,BRDM2,HB15055.jpeg,.jpeg,129,128,L
Test,BRDM2,HB15056.jpeg,.jpeg,129,128,L
Test,BRDM2,HB15057.jpeg,.jpeg,129,128,L
Test,BRDM2,HB15060.jpeg,.jpeg,129,128,L
Test,BRDM2,HB15062.jpeg,.jpeg,129,128,L
Test,BRDM2,HB15063.jpeg,.jpeg,129,128,L
Test,BRDM2,HB15064.jpeg,.jpeg,129,128,L
Test,BRDM2,HB15065.jpeg,.jpeg,129,128,L
Test,BRDM2,HB15066.jpeg,.jpeg,129,128,L
Test,BRDM2,HB15067.jpeg,.jpeg,129,128,L
Test,BRDM2,HB15068.jpeg,.jpeg,129,128,L
Test,BRDM2,HB15069.jpeg,.jpeg,129,128,L
Test,BRDM2,HB15070.jpeg,.jpeg,129,128,L
Test,BRDM2,HB15072.jpeg,.jpeg,129,128,L
Test,BRDM2,HB15073.jpeg,.jpeg,129,128,L
Test,BRDM2,HB15074.jpeg,.jpeg,129,128,L
Test,BRDM2,HB15075.jpeg,.jpeg,129,128,L
Test,BRDM2,HB15076.jpeg,.jpeg,129,128,L
Test,BRDM2,HB15077.jpeg,.jpeg,129,128,L
Test,BRDM2,HB15078.jpeg,.jpeg,129,128,L
Test,BRDM2,HB15079.jpeg,.jpeg,129,128,L
Test,BRDM2,HB15080.jpeg,.jpeg,129,128,L
Test,BRDM2,HB15082.jpeg,.jpeg,129,128,L
Test,BRDM2,HB15083.jpeg,.jpeg,129,128,L
Test,BRDM2,HB15084.jpeg,.jpeg,129,128,L
Test,BRDM2,HB15085.jpeg,.jpeg,129,128,L
Test,BRDM2,HB15086.jpeg,.jpeg,129,128,L
Test,BRDM2,HB15087.jpeg,.jpeg,129,128,L
Test,BRDM2,HB15088.jpeg,.jpeg,129,128,L
Test,BRDM2,HB15090.jpeg,.jpeg,129,128,L
Test,BRDM2,HB15091.jpeg,.jpeg,129,128,L
Test,BRDM2,HB15092.jpeg,.jpeg,129,128,L
Test,BRDM2,HB15096.jpeg,.jpeg,129,128,L
Test,BRDM2,HB15097.jpeg,.jpeg,129,128,L
Test,BRDM2,HB15098.jpeg,.jpeg,129,128,L
Test,BRDM2,HB15100.jpeg,.jpeg,129,128,L
Test,BRDM2,HB15101.jpeg,.jpeg,129,128,L
Test,BRDM2,HB15102.jpeg,.jpeg,129,128,L
Test,BRDM2,HB15103.jpeg,.jpeg,129,128,L
Test,BRDM2,HB15104.jpeg,.jpeg,129,128,L
Test,BRDM2,HB15106.jpeg,.jpeg,129,128,L
Test,BRDM2,HB15108.jpeg,.jpeg,129,128,L
Test,BRDM2,HB15109.jpeg,.jpeg,129,128,L
Test,BRDM2,HB15111.jpeg,.jpeg,129,128,L
Test,BRDM2,HB15112.jpeg,.jpeg,129,128,L
Test,BRDM2,HB15113.jpeg,.jpeg,129,128,L
Test,BRDM2,HB15114.jpeg,.jpeg,129,128,L
Test,BRDM2,HB15115.jpeg,.jpeg,129,128,L
Test,BRDM2,HB15116.jpeg,.jpeg,129,128,L
Test,BRDM2,HB15117.jpeg,.jpeg,129,128,L
Test,BRDM2,HB15118.jpeg,.jpeg,129,128,L
Test,BRDM2,HB15119.jpeg,.jpeg,129,128,L
Test,BRDM2,HB15120.jpeg,.jpeg,129,128,L
Test,BRDM2,HB15121.jpeg,.jpeg,129,128,L
Test,BRDM2,HB15122.jpeg,.jpeg,129,128,L
Test,BRDM2,HB15123.jpeg,.jpeg,129,128,L
Test,BRDM2,HB15124.jpeg,.jpeg,129,128,L
Test,BRDM2,HB15125.jpeg,.jpeg,129,128,L
Test,BRDM2,HB15129.jpeg,.jpeg,129,128,L
Test,BRDM2,HB15130.jpeg,.jpeg,129,128,L
Test,BRDM2,HB15132.jpeg,.jpeg,129,128,L
Test,BRDM2,HB15134.jpeg,.jpeg,129,128,L
Test,BRDM2,HB15135.jpeg,.jpeg,129,128,L
Test,BRDM2,HB15136.jpeg,.jpeg,129,128,L
Test,BRDM2,HB15138.jpeg,.jpeg,129,128,L
Test,BRDM2,HB15139.jpeg,.jpeg,129,128,L
Test,BRDM2,HB15140.jpeg,.jpeg,129,128,L
Test,BRDM2,HB15141.jpeg,.jpeg,129,128,L
Test,BRDM2,HB15142.jpeg,.jpeg,129,128,L
Test,BRDM2,HB15143.jpeg,.jpeg,129,128,L
Test,BRDM2,HB15144.jpeg,.jpeg,129,128,L
Test,BRDM2,HB15145.jpeg,.jpeg,129,128,L
Test,BRDM2,HB15146.jpeg,.jpeg,129,128,L
Test,BRDM2,HB15147.jpeg,.jpeg,129,128,L
Test,BRDM2,HB15148.jpeg,.jpeg,129,128,L
Test,BRDM2,HB15150.jpeg,.jpeg,129,128,L
Test,BRDM2,HB15151.jpeg,.jpeg,129,128,L
Test,BRDM2,HB15152.jpeg,.jpeg,129,128,L
Test,BRDM2,HB15154.jpeg,.jpeg,129,128,L
Test,BRDM2,HB15156.jpeg,.jpeg,129,128,L
Test,BRDM2,HB15157.jpeg,.jpeg,129,128,L
Test,BRDM2,HB15158.jpeg,.jpeg,129,128,L
Test,BRDM2,HB15161.jpeg,.jpeg,129,128,L
Test,BRDM2,HB15162.jpeg,.jpeg,129,128,L
Test,BRDM2,HB15163.jpeg,.jpeg,129,128,L
Test,BRDM2,HB15165.jpeg,.jpeg,129,128,L
Test,BRDM2,HB15166.jpeg,.jpeg,129,128,L
Test,BRDM2,HB15168.jpeg,.jpeg,129,128,L
Test,BRDM2,HB15169.jpeg,.jpeg,129,128,L
Test,BRDM2,HB15175.jpeg,.jpeg,129,128,L
Test,BRDM2,HB15176.jpeg,.jpeg,129,128,L
Test,BRDM2,HB15177.jpeg,.jpeg,129,128,L
Test,BRDM2,HB15178.jpeg,.jpeg,129,128,L
Test,BRDM2,HB15179.jpeg,.jpeg,129,128,L
Test,BRDM2,HB15180.jpeg,.jpeg,129,128,L
Test,BRDM2,HB15181.jpeg,.jpeg,129,128,L
Test,BRDM2,HB15182.jpeg,.jpeg,129,128,L
Test,BRDM2,HB15184.jpeg,.jpeg,129,128,L
Test,BRDM2,HB15185.jpeg,.jpeg,129,128,L
Test,BRDM2,HB15186.jpeg,.jpeg,129,128,L
Test,BRDM2,HB15190.jpeg,.jpeg,129,128,L
Test,BRDM2,HB15191.jpeg,.jpeg,129,128,L
Test,BRDM2,HB15192.jpeg,.jpeg,129,128,L
Test,BRDM2,HB15193.jpeg,.jpeg,129,128,L
Test,BRDM2,HB15194.jpeg,.jpeg,129,128,L
Test,BRDM2,HB15195.jpeg,.jpeg,129,128,L
Test,BRDM2,HB15196.jpeg,.jpeg,129,128,L
Test,BRDM2,HB15197.jpeg,.jpeg,129,128,L
Test,BRDM2,HB15198.jpeg,.jpeg,129,128,L
Test,BRDM2,HB15199.jpeg,.jpeg,129,128,L
Test,BRDM2,HB15201.jpeg,.jpeg,129,128,L
Test,BRDM2,HB15202.jpeg,.jpeg,129,128,L
Test,BRDM2,HB15203.jpeg,.jpeg,129,128,L
Test,BRDM2,HB15206.jpeg,.jpeg,129,128,L
Test,BRDM2,HB15207.jpeg,.jpeg,129,128,L
Test,BRDM2,HB15208.jpeg,.jpeg,129,128,L
Test,BRDM2,HB15209.jpeg,.jpeg,129,128,L
Test,BRDM2,HB15210.jpeg,.jpeg,129,128,L
Test,BRDM2,HB15211.jpeg,.jpeg,129,128,L
Test,BRDM2,HB15212.jpeg,.jpeg,129,128,L
Test,BRDM2,HB15214.jpeg,.jpeg,129,128,L
Test,BRDM2,HB15216.jpeg,.jpeg,129,128,L
Test,BRDM2,HB15217.jpeg,.jpeg,129,128,L
Test,BRDM2,HB15218.jpeg,.jpeg,129,128,L
Test,BRDM2,HB15220.jpeg,.jpeg,129,128,L
Test,BRDM2,HB15221.jpeg,.jpeg,129,128,L
Test,BRDM2,HB15223.jpeg,.jpeg,129,128,L
Test,BRDM2,HB15224.jpeg,.jpeg,129,128,L
Test,BRDM2,HB15227.jpeg,.jpeg,129,128,L
Test,BRDM2,HB15229.jpeg,.jpeg,129,128,L
Test,BRDM2,HB15230.jpeg,.jpeg,129,128,L
Test,BRDM2,HB15231.jpeg,.jpeg,129,128,L
Test,BRDM2,HB15232.jpeg,.jpeg,129,128,L
Test,BRDM2,HB15233.jpeg,.jpeg,129,128,L
Test,BRDM2,HB15235.jpeg,.jpeg,129,128,L
Test,BRDM2,HB15236.jpeg,.jpeg,129,128,L
Test,BRDM2,HB15237.jpeg,.jpeg,129,128,L
Test,BRDM2,HB15238.jpeg,.jpeg,129,128,L
Test,BRDM2,HB15239.jpeg,.jpeg,129,128,L
Test,BRDM2,HB15240.jpeg,.jpeg,129,128,L
Test,BRDM2,HB15241.jpeg,.jpeg,129,128,L
Test,BRDM2,HB15242.jpeg,.jpeg,129,128,L
Test,BRDM2,HB15243.jpeg,.jpeg,129,128,L
Test,BRDM2,HB15244.jpeg,.jpeg,129,128,L
Test,BRDM2,HB15245.jpeg,.jpeg,129,128,L
Test,BRDM2,HB15246.jpeg,.jpeg,129,128,L
Test,BRDM2,HB15247.jpeg,.jpeg,129,128,L
Test,BRDM2,HB15248.jpeg,.jpeg,129,128,L
Test,BRDM2,HB15251.jpeg,.jpeg,129,128,L
Test,BRDM2,HB15252.jpeg,.jpeg,129,128,L
Test,BRDM2,HB15254.jpeg,.jpeg,129,128,L
Test,BRDM2,HB15255.jpeg,.jpeg,129,128,L
Test,BRDM2,HB15256.jpeg,.jpeg,129,128,L
Test,BRDM2,HB15257.jpeg,.jpeg,129,128,L
Test,BRDM2,HB15258.jpeg,.jpeg,129,128,L
Test,BRDM2,HB15259.jpeg,.jpeg,129,128,L
Test,BRDM2,HB15260.jpeg,.jpeg,129,128,L
Test,BRDM2,HB15261.jpeg,.jpeg,129,128,L
Test,BRDM2,HB15262.jpeg,.jpeg,129,128,L
Test,BRDM2,HB15263.jpeg,.jpeg,129,128,L
Test,BRDM2,HB15264.jpeg,.jpeg,129,128,L
Test,BRDM2,HB15265.jpeg,.jpeg,129,128,L
Test,BRDM2,HB15266.jpeg,.jpeg,129,128,L
Test,BRDM2,HB15267.jpeg,.jpeg,129,128,L
Test,BTR60,HB03333.jpeg,.jpeg,128,128,L
Test,BTR60,HB03334.jpeg,.jpeg,128,128,L
Test,BTR60,HB03335.jpeg,.jpeg,128,128,L
Test,BTR60,HB03337.jpeg,.jpeg,128,128,L
Test,BTR60,HB03338.jpeg,.jpeg,128,128,L
Test,BTR60,HB03340.jpeg,.jpeg,128,128,L
Test,BTR60,HB03341.jpeg,.jpeg,128,128,L
Test,BTR60,HB03342.jpeg,.jpeg,128,128,L
Test,BTR60,HB03343.jpeg,.jpeg,128,128,L
Test,BTR60,HB03344.jpeg,.jpeg,128,128,L
Test,BTR60,HB03347.jpeg,.jpeg,128,128,L
Test,BTR60,HB03348.jpeg,.jpeg,128,128,L
Test,BTR60,HB03351.jpeg,.jpeg,128,128,L
Test,BTR60,HB03352.jpeg,.jpeg,128,128,L
Test,BTR60,HB03353.jpeg,.jpeg,128,128,L
Test,BTR60,HB03354.jpeg,.jpeg,128,128,L
Test,BTR60,HB03355.jpeg,.jpeg,128,128,L
Test,BTR60,HB03356.jpeg,.jpeg,128,128,L
Test,BTR60,HB03358.jpeg,.jpeg,128,128,L
Test,BTR60,HB03361.jpeg,.jpeg,128,128,L
Test,BTR60,HB03363.jpeg,.jpeg,128,128,L
Test,BTR60,HB03364.jpeg,.jpeg,128,128,L
Test,BTR60,HB03365.jpeg,.jpeg,128,128,L
Test,BTR60,HB03366.jpeg,.jpeg,128,128,L
Test,BTR60,HB03367.jpeg,.jpeg,128,128,L
Test,BTR60,HB03368.jpeg,.jpeg,128,128,L
Test,BTR60,HB03375.jpeg,.jpeg,128,128,L
Test,BTR60,HB03376.jpeg,.jpeg,128,128,L
Test,BTR60,HB03377.jpeg,.jpeg,128,128,L
Test,BTR60,HB03379.jpeg,.jpeg,128,128,L
Test,BTR60,HB03380.jpeg,.jpeg,128,128,L
Test,BTR60,HB03381.jpeg,.jpeg,128,128,L
Test,BTR60,HB03382.jpeg,.jpeg,128,128,L
Test,BTR60,HB03383.jpeg,.jpeg,128,128,L
Test,BTR60,HB03384.jpeg,.jpeg,128,128,L
Test,BTR60,HB03385.jpeg,.jpeg,128,128,L
Test,BTR60,HB03386.jpeg,.jpeg,128,128,L
Test,BTR60,HB03387.jpeg,.jpeg,128,128,L
Test,BTR60,HB03395.jpeg,.jpeg,128,128,L
Test,BTR60,HB03397.jpeg,.jpeg,128,128,L
Test,BTR60,HB03398.jpeg,.jpeg,128,128,L
Test,BTR60,HB03399.jpeg,.jpeg,128,128,L
Test,BTR60,HB03400.jpeg,.jpeg,128,128,L
Test,BTR60,HB03401.jpeg,.jpeg,128,128,L
Test,BTR60,HB03402.jpeg,.jpeg,128,128,L
Test,BTR60,HB03403.jpeg,.jpeg,128,128,L
Test,BTR60,HB03405.jpeg,.jpeg,128,128,L
Test,BTR60,HB03406.jpeg,.jpeg,128,128,L
Test,BTR60,HB03407.jpeg,.jpeg,128,128,L
Test,BTR60,HB03410.jpeg,.jpeg,128,128,L
Test,BTR60,HB03414.jpeg,.jpeg,128,128,L
Test,BTR60,HB03415.jpeg,.jpeg,128,128,L
Test,BTR60,HB03416.jpeg,.jpeg,128,128,L
Test,BTR60,HB03417.jpeg,.jpeg,128,128,L
Test,BTR60,HB03418.jpeg,.jpeg,128,128,L
Test,BTR60,HB03420.jpeg,.jpeg,128,128,L
Test,BTR60,HB03422.jpeg,.jpeg,128,128,L
Test,BTR60,HB03423.jpeg,.jpeg,128,128,L
Test,BTR60,HB03424.jpeg,.jpeg,128,128,L
Test,BTR60,HB03426.jpeg,.jpeg,128,128,L
Test,BTR60,HB03427.jpeg,.jpeg,128,128,L
Test,BTR60,HB03428.jpeg,.jpeg,128,128,L
Test,BTR60,HB03429.jpeg,.jpeg,128,128,L
Test,BTR60,HB03434.jpeg,.jpeg,128,128,L
Test,BTR60,HB03435.jpeg,.jpeg,128,128,L
Test,BTR60,HB03436.jpeg,.jpeg,128,128,L
Test,BTR60,HB03437.jpeg,.jpeg,128,128,L
Test,BTR60,HB03438.jpeg,.jpeg,128,128,L
Test,BTR60,HB03439.jpeg,.jpeg,128,128,L
Test,BTR60,HB03440.jpeg,.jpeg,128,128,L
Test,BTR60,HB03441.jpeg,.jpeg,128,128,L
Test,BTR60,HB03442.jpeg,.jpeg,128,128,L
Test,BTR60,HB03443.jpeg,.jpeg,128,128,L
Test,BTR60,HB03444.jpeg,.jpeg,128,128,L
Test,BTR60,HB03445.jpeg,.jpeg,128,128,L
Test,BTR60,HB03446.jpeg,.jpeg,128,128,L
Test,BTR60,HB04933.jpeg,.jpeg,128,128,L
Test,BTR60,HB04934.jpeg,.jpeg,128,128,L
Test,BTR60,HB04936.jpeg,.jpeg,128,128,L
Test,BTR60,HB04938.jpeg,.jpeg,128,128,L
Test,BTR60,HB04940.jpeg,.jpeg,128,128,L
Test,BTR60,HB04945.jpeg,.jpeg,128,128,L
Test,BTR60,HB04946.jpeg,.jpeg,128,128,L
Test,BTR60,HB04947.jpeg,.jpeg,128,128,L
Test,BTR60,HB04949.jpeg,.jpeg,128,128,L
Test,BTR60,HB04951.jpeg,.jpeg,128,128,L
Test,BTR60,HB04952.jpeg,.jpeg,128,128,L
Test,BTR60,HB04954.jpeg,.jpeg,128,128,L
Test,BTR60,HB04957.jpeg,.jpeg,128,128,L
Test,BTR60,HB04958.jpeg,.jpeg,128,128,L
Test,BTR60,HB04959.jpeg,.jpeg,128,128,L
Test,BTR60,HB04961.jpeg,.jpeg,128,128,L
Test,BTR60,HB04963.jpeg,.jpeg,128,128,L
Test,BTR60,HB04965.jpeg,.jpeg,128,128,L
Test,BTR60,HB04967.jpeg,.jpeg,128,128,L
Test,BTR60,HB04968.jpeg,.jpeg,128,128,L
Test,BTR60,HB04971.jpeg,.jpeg,128,128,L
Test,BTR60,HB04973.jpeg,.jpeg,128,128,L
Test,BTR60,HB04975.jpeg,.jpeg,128,128,L
Test,BTR60,HB04976.jpeg,.jpeg,128,128,L
Test,BTR60,HB04977.jpeg,.jpeg,128,128,L
Test,BTR60,HB04978.jpeg,.jpeg,128,128,L
Test,BTR60,HB04980.jpeg,.jpeg,128,128,L
Test,BTR60,HB04982.jpeg,.jpeg,128,128,L
Test,BTR60,HB04984.jpeg,.jpeg,128,128,L
Test,BTR60,HB04985.jpeg,.jpeg,128,128,L
Test,BTR60,HB04986.jpeg,.jpeg,128,128,L
Test,BTR60,HB04987.jpeg,.jpeg,128,128,L
Test,BTR60,HB04988.jpeg,.jpeg,128,128,L
Test,BTR60,HB04989.jpeg,.jpeg,128,128,L
Test,BTR60,HB04992.jpeg,.jpeg,128,128,L
Test,BTR60,HB04993.jpeg,.jpeg,128,128,L
Test,BTR60,HB04997.jpeg,.jpeg,128,128,L
Test,BTR60,HB04998.jpeg,.jpeg,128,128,L
Test,BTR60,HB04999.jpeg,.jpeg,128,128,L
Test,BTR60,HB05000.jpeg,.jpeg,128,128,L
Test,BTR60,HB05001.jpeg,.jpeg,128,128,L
Test,BTR60,HB05002.jpeg,.jpeg,128,128,L
Test,BTR60,HB05003.jpeg,.jpeg,128,128,L
Test,BTR60,HB05004.jpeg,.jpeg,128,128,L
Test,BTR60,HB05006.jpeg,.jpeg,128,128,L
Test,BTR60,HB05008.jpeg,.jpeg,128,128,L
Test,BTR60,HB05009.jpeg,.jpeg,128,128,L
Test,BTR60,HB05011.jpeg,.jpeg,128,128,L
Test,BTR60,HB05012.jpeg,.jpeg,128,128,L
Test,BTR60,HB05014.jpeg,.jpeg,128,128,L
Test,BTR60,HB05015.jpeg,.jpeg,128,128,L
Test,BTR60,HB05016.jpeg,.jpeg,128,128,L
Test,BTR60,HB05017.jpeg,.jpeg,128,128,L
Test,BTR60,HB05019.jpeg,.jpeg,128,128,L
Test,BTR60,HB05022.jpeg,.jpeg,128,128,L
Test,BTR60,HB05024.jpeg,.jpeg,128,128,L
Test,BTR60,HB05025.jpeg,.jpeg,128,128,L
Test,BTR60,HB05026.jpeg,.jpeg,128,128,L
Test,BTR60,HB05027.jpeg,.jpeg,128,128,L
Test,BTR60,HB05028.jpeg,.jpeg,128,128,L
Test,BTR60,HB05029.jpeg,.jpeg,128,128,L
Test,BTR60,HB05030.jpeg,.jpeg,128,128,L
Test,BTR60,HB05032.jpeg,.jpeg,128,128,L
Test,BTR60,HB05033.jpeg,.jpeg,128,128,L
Test,BTR60,HB05034.jpeg,.jpeg,128,128,L
Test,BTR60,HB05035.jpeg,.jpeg,128,128,L
Test,BTR60,HB05036.jpeg,.jpeg,128,128,L
Test,BTR60,HB05038.jpeg,.jpeg,128,128,L
Test,BTR60,HB05040.jpeg,.jpeg,128,128,L
Test,BTR60,HB05041.jpeg,.jpeg,128,128,L
Test,BTR60,HB05043.jpeg,.jpeg,128,128,L
Test,BTR60,HB05609.jpeg,.jpeg,128,128,L
Test,BTR60,HB05610.jpeg,.jpeg,128,128,L
Test,BTR60,HB05611.jpeg,.jpeg,128,128,L
Test,BTR60,HB05612.jpeg,.jpeg,128,128,L
Test,BTR60,HB05614.jpeg,.jpeg,128,128,L
Test,BTR60,HB05616.jpeg,.jpeg,128,128,L
Test,BTR60,HB05618.jpeg,.jpeg,128,128,L
Test,BTR60,HB05619.jpeg,.jpeg,128,128,L
Test,BTR60,HB05620.jpeg,.jpeg,128,128,L
Test,BTR60,HB05629.jpeg,.jpeg,128,128,L
Test,BTR60,HB05630.jpeg,.jpeg,128,128,L
Test,BTR60,HB05631.jpeg,.jpeg,128,128,L
Test,BTR60,HB05632.jpeg,.jpeg,128,128,L
Test,BTR60,HB05634.jpeg,.jpeg,128,128,L
Test,BTR60,HB05635.jpeg,.jpeg,128,128,L
Test,BTR60,HB05637.jpeg,.jpeg,128,128,L
Test,BTR60,HB05642.jpeg,.jpeg,128,128,L
Test,BTR60,HB05643.jpeg,.jpeg,128,128,L
Test,BTR60,HB05647.jpeg,.jpeg,128,128,L
Test,BTR60,HB05648.jpeg,.jpeg,128,128,L
Test,BTR60,HB05649.jpeg,.jpeg,128,128,L
Test,BTR60,HB05650.jpeg,.jpeg,128,128,L
Test,BTR60,HB05651.jpeg,.jpeg,128,128,L
Test,BTR60,HB05652.jpeg,.jpeg,128,128,L
Test,BTR60,HB05653.jpeg,.jpeg,128,128,L
Test,BTR60,HB05654.jpeg,.jpeg,128,128,L
Test,BTR60,HB05657.jpeg,.jpeg,128,128,L
Test,BTR60,HB05658.jpeg,.jpeg,128,128,L
Test,BTR60,HB05659.jpeg,.jpeg,128,128,L
Test,BTR60,HB05660.jpeg,.jpeg,128,128,L
Test,BTR60,HB05661.jpeg,.jpeg,128,128,L
Test,BTR60,HB05662.jpeg,.jpeg,128,128,L
Test,BTR60,HB05664.jpeg,.jpeg,128,128,L
Test,BTR60,HB05665.jpeg,.jpeg,128,128,L
Test,BTR60,HB05667.jpeg,.jpeg,128,128,L
Test,BTR60,HB05669.jpeg,.jpeg,128,128,L
Test,BTR60,HB05670.jpeg,.jpeg,128,128,L
Test,BTR60,HB05671.jpeg,.jpeg,128,128,L
Test,BTR60,HB05672.jpeg,.jpeg,128,128,L
Test,BTR60,HB05674.jpeg,.jpeg,128,128,L
Test,BTR60,HB05675.jpeg,.jpeg,128,128,L
Test,BTR60,HB05676.jpeg,.jpeg,128,128,L
Test,BTR60,HB05677.jpeg,.jpeg,128,128,L
Test,BTR60,HB05679.jpeg,.jpeg,128,128,L
Test,BTR60,HB05680.jpeg,.jpeg,128,128,L
Test,BTR60,HB05681.jpeg,.jpeg,128,128,L
Test,BTR60,HB05683.jpeg,.jpeg,128,128,L
Test,BTR60,HB05684.jpeg,.jpeg,128,128,L
Test,BTR70,HB03333.jpeg,.jpeg,128,128,L
Test,BTR70,HB03334.jpeg,.jpeg,128,128,L
Test,BTR70,HB03335.jpeg,.jpeg,128,128,L
Test,BTR70,HB03337.jpeg,.jpeg,128,128,L
Test,BTR70,HB03338.jpeg,.jpeg,128,128,L
Test,BTR70,HB03340.jpeg,.jpeg,128,128,L
Test,BTR70,HB03341.jpeg,.jpeg,128,128,L
Test,BTR70,HB03342.jpeg,.jpeg,128,128,L
Test,BTR70,HB03343.jpeg,.jpeg,128,128,L
Test,BTR70,HB03344.jpeg,.jpeg,128,128,L
Test,BTR70,HB03347.jpeg,.jpeg,128,128,L
Test,BTR70,HB03348.jpeg,.jpeg,128,128,L
Test,BTR70,HB03351.jpeg,.jpeg,128,128,L
Test,BTR70,HB03352.jpeg,.jpeg,128,128,L
Test,BTR70,HB03353.jpeg,.jpeg,128,128,L
Test,BTR70,HB03354.jpeg,.jpeg,128,128,L
Test,BTR70,HB03355.jpeg,.jpeg,128,128,L
Test,BTR70,HB03356.jpeg,.jpeg,128,128,L
Test,BTR70,HB03358.jpeg,.jpeg,128,128,L
Test,BTR70,HB03361.jpeg,.jpeg,128,128,L
Test,BTR70,HB03363.jpeg,.jpeg,128,128,L
Test,BTR70,HB03364.jpeg,.jpeg,128,128,L
Test,BTR70,HB03365.jpeg,.jpeg,128,128,L
Test,BTR70,HB03366.jpeg,.jpeg,128,128,L
Test,BTR70,HB03367.jpeg,.jpeg,128,128,L
Test,BTR70,HB03368.jpeg,.jpeg,128,128,L
Test,BTR70,HB03375.jpeg,.jpeg,128,128,L
Test,BTR70,HB03376.jpeg,.jpeg,128,128,L
Test,BTR70,HB03377.jpeg,.jpeg,128,128,L
Test,BTR70,HB03379.jpeg,.jpeg,128,128,L
Test,BTR70,HB03380.jpeg,.jpeg,128,128,L
Test,BTR70,HB03381.jpeg,.jpeg,128,128,L
Test,BTR70,HB03382.jpeg,.jpeg,128,128,L
Test,BTR70,HB03383.jpeg,.jpeg,128,128,L
Test,BTR70,HB03384.jpeg,.jpeg,128,128,L
Test,BTR70,HB03385.jpeg,.jpeg,128,128,L
Test,BTR70,HB03386.jpeg,.jpeg,128,128,L
Test,BTR70,HB03387.jpeg,.jpeg,128,128,L
Test,BTR70,HB03395.jpeg,.jpeg,128,128,L
Test,BTR70,HB03397.jpeg,.jpeg,128,128,L
Test,BTR70,HB03398.jpeg,.jpeg,128,128,L
Test,BTR70,HB03399.jpeg,.jpeg,128,128,L
Test,BTR70,HB03400.jpeg,.jpeg,128,128,L
Test,BTR70,HB03401.jpeg,.jpeg,128,128,L
Test,BTR70,HB03402.jpeg,.jpeg,128,128,L
Test,BTR70,HB03403.jpeg,.jpeg,128,128,L
Test,BTR70,HB03405.jpeg,.jpeg,128,128,L
Test,BTR70,HB03406.jpeg,.jpeg,128,128,L
Test,BTR70,HB03407.jpeg,.jpeg,128,128,L
Test,BTR70,HB03410.jpeg,.jpeg,128,128,L
Test,BTR70,HB03414.jpeg,.jpeg,128,128,L
Test,BTR70,HB03415.jpeg,.jpeg,128,128,L
Test,BTR70,HB03416.jpeg,.jpeg,128,128,L
Test,BTR70,HB03417.jpeg,.jpeg,128,128,L
Test,BTR70,HB03418.jpeg,.jpeg,128,128,L
Test,BTR70,HB03420.jpeg,.jpeg,128,128,L
Test,BTR70,HB03422.jpeg,.jpeg,128,128,L
Test,BTR70,HB03423.jpeg,.jpeg,128,128,L
Test,BTR70,HB03424.jpeg,.jpeg,128,128,L
Test,BTR70,HB03426.jpeg,.jpeg,128,128,L
Test,BTR70,HB03427.jpeg,.jpeg,128,128,L
Test,BTR70,HB03428.jpeg,.jpeg,128,128,L
Test,BTR70,HB03429.jpeg,.jpeg,128,128,L
Test,BTR70,HB03434.jpeg,.jpeg,128,128,L
Test,BTR70,HB03435.jpeg,.jpeg,128,128,L
Test,BTR70,HB03436.jpeg,.jpeg,128,128,L
Test,BTR70,HB03437.jpeg,.jpeg,128,128,L
Test,BTR70,HB03438.jpeg,.jpeg,128,128,L
Test,BTR70,HB03439.jpeg,.jpeg,128,128,L
Test,BTR70,HB03440.jpeg,.jpeg,128,128,L
Test,BTR70,HB03441.jpeg,.jpeg,128,128,L
Test,BTR70,HB03442.jpeg,.jpeg,128,128,L
Test,BTR70,HB03443.jpeg,.jpeg,128,128,L
Test,BTR70,HB03444.jpeg,.jpeg,128,128,L
Test,BTR70,HB03445.jpeg,.jpeg,128,128,L
Test,BTR70,HB03446.jpeg,.jpeg,128,128,L
Test,BTR70,HB04933.jpeg,.jpeg,128,128,L
Test,BTR70,HB04934.jpeg,.jpeg,128,128,L
Test,BTR70,HB04936.jpeg,.jpeg,128,128,L
Test,BTR70,HB04938.jpeg,.jpeg,128,128,L
Test,BTR70,HB04940.jpeg,.jpeg,128,128,L
Test,BTR70,HB04945.jpeg,.jpeg,128,128,L
Test,BTR70,HB04946.jpeg,.jpeg,128,128,L
Test,BTR70,HB04947.jpeg,.jpeg,128,128,L
Test,BTR70,HB04949.jpeg,.jpeg,128,128,L
Test,BTR70,HB04950.jpeg,.jpeg,128,128,L
Test,BTR70,HB04951.jpeg,.jpeg,128,128,L
Test,BTR70,HB04952.jpeg,.jpeg,128,128,L
Test,BTR70,HB04954.jpeg,.jpeg,128,128,L
Test,BTR70,HB04957.jpeg,.jpeg,128,128,L
Test,BTR70,HB04958.jpeg,.jpeg,128,128,L
Test,BTR70,HB04959.jpeg,.jpeg,128,128,L
Test,BTR70,HB04961.jpeg,.jpeg,128,128,L
Test,BTR70,HB04963.jpeg,.jpeg,128,128,L
Test,BTR70,HB04965.jpeg,.jpeg,128,128,L
Test,BTR70,HB04967.jpeg,.jpeg,128,128,L
Test,BTR70,HB04968.jpeg,.jpeg,128,128,L
Test,BTR70,HB04971.jpeg,.jpeg,128,128,L
Test,BTR70,HB04973.jpeg,.jpeg,128,128,L
Test,BTR70,HB04975.jpeg,.jpeg,128,128,L
Test,BTR70,HB04976.jpeg,.jpeg,128,128,L
Test,BTR70,HB04977.jpeg,.jpeg,128,128,L
Test,BTR70,HB04978.jpeg,.jpeg,128,128,L
Test,BTR70,HB04980.jpeg,.jpeg,128,128,L
Test,BTR70,HB04982.jpeg,.jpeg,128,128,L
Test,BTR70,HB04984.jpeg,.jpeg,128,128,L
Test,BTR70,HB04985.jpeg,.jpeg,128,128,L
Test,BTR70,HB04986.jpeg,.jpeg,128,128,L
Test,BTR70,HB04987.jpeg,.jpeg,128,128,L
Test,BTR70,HB04988.jpeg,.jpeg,128,128,L
Test,BTR70,HB04989.jpeg,.jpeg,128,128,L
Test,BTR70,HB04992.jpeg,.jpeg,128,128,L
Test,BTR70,HB04993.jpeg,.jpeg,128,128,L
Test,BTR70,HB04997.jpeg,.jpeg,128,128,L
Test,BTR70,HB04998.jpeg,.jpeg,128,128,L
Test,BTR70,HB04999.jpeg,.jpeg,128,128,L
Test,BTR70,HB05000.jpeg,.jpeg,128,128,L
Test,BTR70,HB05001.jpeg,.jpeg,128,128,L
Test,BTR70,HB05002.jpeg,.jpeg,128,128,L
Test,BTR70,HB05003.jpeg,.jpeg,128,128,L
Test,BTR70,HB05004.jpeg,.jpeg,128,128,L
Test,BTR70,HB05006.jpeg,.jpeg,128,128,L
Test,BTR70,HB05008.jpeg,.jpeg,128,128,L
Test,BTR70,HB05009.jpeg,.jpeg,128,128,L
Test,BTR70,HB05011.jpeg,.jpeg,128,128,L
Test,BTR70,HB05012.jpeg,.jpeg,128,128,L
Test,BTR70,HB05014.jpeg,.jpeg,128,128,L
Test,BTR70,HB05015.jpeg,.jpeg,128,128,L
Test,BTR70,HB05016.jpeg,.jpeg,128,128,L
Test,BTR70,HB05017.jpeg,.jpeg,128,128,L
Test,BTR70,HB05019.jpeg,.jpeg,128,128,L
Test,BTR70,HB05022.jpeg,.jpeg,128,128,L
Test,BTR70,HB05024.jpeg,.jpeg,128,128,L
Test,BTR70,HB05025.jpeg,.jpeg,128,128,L
Test,BTR70,HB05026.jpeg,.jpeg,128,128,L
Test,BTR70,HB05027.jpeg,.jpeg,128,128,L
Test,BTR70,HB05028.jpeg,.jpeg,128,128,L
Test,BTR70,HB05029.jpeg,.jpeg,128,128,L
Test,BTR70,HB05030.jpeg,.jpeg,128,128,L
Test,BTR70,HB05032.jpeg,.jpeg,128,128,L
Test,BTR70,HB05033.jpeg,.jpeg,128,128,L
Test,BTR70,HB05034.jpeg,.jpeg,128,128,L
Test,BTR70,HB05035.jpeg,.jpeg,128,128,L
Test,BTR70,HB05036.jpeg,.jpeg,128,128,L
Test,BTR70,HB05038.jpeg,.jpeg,128,128,L
Test,BTR70,HB05040.jpeg,.jpeg,128,128,L
Test,BTR70,HB05041.jpeg,.jpeg,128,128,L
Test,BTR70,HB05043.jpeg,.jpeg,128,128,L
Test,BTR70,HB05609.jpeg,.jpeg,128,128,L
Test,BTR70,HB05610.jpeg,.jpeg,128,128,L
Test,BTR70,HB05611.jpeg,.jpeg,128,128,L
Test,BTR70,HB05612.jpeg,.jpeg,128,128,L
Test,BTR70,HB05614.jpeg,.jpeg,128,128,L
Test,BTR70,HB05616.jpeg,.jpeg,128,128,L
Test,BTR70,HB05618.jpeg,.jpeg,128,128,L
Test,BTR70,HB05619.jpeg,.jpeg,128,128,L
Test,BTR70,HB05620.jpeg,.jpeg,128,128,L
Test,BTR70,HB05629.jpeg,.jpeg,128,128,L
Test,BTR70,HB05630.jpeg,.jpeg,128,128,L
Test,BTR70,HB05631.jpeg,.jpeg,128,128,L
Test,BTR70,HB05632.jpeg,.jpeg,128,128,L
Test,BTR70,HB05634.jpeg,.jpeg,128,128,L
Test,BTR70,HB05635.jpeg,.jpeg,128,128,L
Test,BTR70,HB05637.jpeg,.jpeg,128,128,L
Test,BTR70,HB05642.jpeg,.jpeg,128,128,L
Test,BTR70,HB05643.jpeg,.jpeg,128,128,L
Test,BTR70,HB05647.jpeg,.jpeg,128,128,L
Test,BTR70,HB05648.jpeg,.jpeg,128,128,L
Test,BTR70,HB05649.jpeg,.jpeg,128,128,L
Test,BTR70,HB05650.jpeg,.jpeg,128,128,L
Test,BTR70,HB05651.jpeg,.jpeg,128,128,L
Test,BTR70,HB05652.jpeg,.jpeg,128,128,L
Test,BTR70,HB05653.jpeg,.jpeg,128,128,L
Test,BTR70,HB05654.jpeg,.jpeg,128,128,L
Test,BTR70,HB05657.jpeg,.jpeg,128,128,L
Test,BTR70,HB05658.jpeg,.jpeg,128,128,L
Test,BTR70,HB05659.jpeg,.jpeg,128,128,L
Test,BTR70,HB05660.jpeg,.jpeg,128,128,L
Test,BTR70,HB05661.jpeg,.jpeg,128,128,L
Test,BTR70,HB05662.jpeg,.jpeg,128,128,L
Test,BTR70,HB05664.jpeg,.jpeg,128,128,L
Test,BTR70,HB05665.jpeg,.jpeg,128,128,L
Test,BTR70,HB05667.jpeg,.jpeg,128,128,L
Test,BTR70,HB05669.jpeg,.jpeg,128,128,L
Test,BTR70,HB05670.jpeg,.jpeg,128,128,L
Test,BTR70,HB05671.jpeg,.jpeg,128,128,L
Test,BTR70,HB05672.jpeg,.jpeg,128,128,L
Test,BTR70,HB05674.jpeg,.jpeg,128,128,L
Test,BTR70,HB05675.jpeg,.jpeg,128,128,L
Test,BTR70,HB05676.jpeg,.jpeg,128,128,L
Test,BTR70,HB05677.jpeg,.jpeg,128,128,L
Test,BTR70,HB05679.jpeg,.jpeg,128,128,L
Test,BTR70,HB05680.jpeg,.jpeg,128,128,L
Test,BTR70,HB05681.jpeg,.jpeg,128,128,L
Test,BTR70,HB05683.jpeg,.jpeg,128,128,L
Test,BTR70,HB05684.jpeg,.jpeg,128,128,L
Test,D7,HB14931.jpeg,.jpeg,178,177,L
Test,D7,HB14932.jpeg,.jpeg,178,177,L
Test,D7,HB14933.jpeg,.jpeg,178,177,L
Test,D7,HB14934.jpeg,.jpeg,178,177,L
Test,D7,HB14935.jpeg,.jpeg,178,177,L
Test,D7,HB14936.jpeg,.jpeg,178,177,L
Test,D7,HB14937.jpeg,.jpeg,178,177,L
Test,D7,HB14938.jpeg,.jpeg,178,177,L
Test,D7,HB14939.jpeg,.jpeg,178,177,L
Test,D7,HB14940.jpeg,.jpeg,178,177,L
Test,D7,HB14941.jpeg,.jpeg,178,177,L
Test,D7,HB14942.jpeg,.jpeg,178,177,L
Test,D7,HB14943.jpeg,.jpeg,178,177,L
Test,D7,HB14944.jpeg,.jpeg,178,177,L
Test,D7,HB14945.jpeg,.jpeg,178,177,L
Test,D7,HB14946.jpeg,.jpeg,178,177,L
Test,D7,HB14947.jpeg,.jpeg,178,177,L
Test,D7,HB14948.jpeg,.jpeg,178,177,L
Test,D7,HB14950.jpeg,.jpeg,178,177,L
Test,D7,HB14951.jpeg,.jpeg,178,177,L
Test,D7,HB14954.jpeg,.jpeg,178,177,L
Test,D7,HB14955.jpeg,.jpeg,178,177,L
Test,D7,HB14956.jpeg,.jpeg,178,177,L
Test,D7,HB14957.jpeg,.jpeg,178,177,L
Test,D7,HB14958.jpeg,.jpeg,178,177,L
Test,D7,HB14959.jpeg,.jpeg,178,177,L
Test,D7,HB14960.jpeg,.jpeg,178,177,L
Test,D7,HB14961.jpeg,.jpeg,178,177,L
Test,D7,HB14962.jpeg,.jpeg,178,177,L
Test,D7,HB14963.jpeg,.jpeg,178,177,L
Test,D7,HB14964.jpeg,.jpeg,178,177,L
Test,D7,HB14965.jpeg,.jpeg,178,177,L
Test,D7,HB14967.jpeg,.jpeg,178,177,L
Test,D7,HB14968.jpeg,.jpeg,178,177,L
Test,D7,HB14969.jpeg,.jpeg,178,177,L
Test,D7,HB14970.jpeg,.jpeg,178,177,L
Test,D7,HB14971.jpeg,.jpeg,178,177,L
Test,D7,HB14972.jpeg,.jpeg,178,177,L
Test,D7,HB14973.jpeg,.jpeg,178,177,L
Test,D7,HB14974.jpeg,.jpeg,178,177,L
Test,D7,HB14975.jpeg,.jpeg,178,177,L
Test,D7,HB14976.jpeg,.jpeg,178,177,L
Test,D7,HB14977.jpeg,.jpeg,178,177,L
Test,D7,HB14978.jpeg,.jpeg,178,177,L
Test,D7,HB14979.jpeg,.jpeg,178,177,L
Test,D7,HB14980.jpeg,.jpeg,178,177,L
Test,D7,HB14981.jpeg,.jpeg,178,177,L
Test,D7,HB14982.jpeg,.jpeg,178,177,L
Test,D7,HB14983.jpeg,.jpeg,178,177,L
Test,D7,HB14984.jpeg,.jpeg,178,177,L
Test,D7,HB14986.jpeg,.jpeg,178,177,L
Test,D7,HB14987.jpeg,.jpeg,178,177,L
Test,D7,HB14990.jpeg,.jpeg,178,177,L
Test,D7,HB14991.jpeg,.jpeg,178,177,L
Test,D7,HB14992.jpeg,.jpeg,178,177,L
Test,D7,HB14993.jpeg,.jpeg,178,177,L
Test,D7,HB14994.jpeg,.jpeg,178,177,L
Test,D7,HB14995.jpeg,.jpeg,178,177,L
Test,D7,HB14997.jpeg,.jpeg,178,177,L
Test,D7,HB14998.jpeg,.jpeg,178,177,L
Test,D7,HB14999.jpeg,.jpeg,178,177,L
Test,D7,HB15000.jpeg,.jpeg,178,177,L
Test,D7,HB15001.jpeg,.jpeg,178,177,L
Test,D7,HB15002.jpeg,.jpeg,178,177,L
Test,D7,HB15003.jpeg,.jpeg,178,177,L
Test,D7,HB15004.jpeg,.jpeg,178,177,L
Test,D7,HB15005.jpeg,.jpeg,178,177,L
Test,D7,HB15006.jpeg,.jpeg,178,177,L
Test,D7,HB15008.jpeg,.jpeg,178,177,L
Test,D7,HB15009.jpeg,.jpeg,178,177,L
Test,D7,HB15010.jpeg,.jpeg,178,177,L
Test,D7,HB15011.jpeg,.jpeg,178,177,L
Test,D7,HB15012.jpeg,.jpeg,178,177,L
Test,D7,HB15013.jpeg,.jpeg,178,177,L
Test,D7,HB15014.jpeg,.jpeg,178,177,L
Test,D7,HB15015.jpeg,.jpeg,178,177,L
Test,D7,HB15016.jpeg,.jpeg,178,177,L
Test,D7,HB15017.jpeg,.jpeg,178,177,L
Test,D7,HB15018.jpeg,.jpeg,178,177,L
Test,D7,HB15019.jpeg,.jpeg,178,177,L
Test,D7,HB15020.jpeg,.jpeg,178,177,L
Test,D7,HB15021.jpeg,.jpeg,178,177,L
Test,D7,HB15022.jpeg,.jpeg,178,177,L
Test,D7,HB15025.jpeg,.jpeg,178,177,L
Test,D7,HB15026.jpeg,.jpeg,178,177,L
Test,D7,HB15027.jpeg,.jpeg,178,177,L
Test,D7,HB15028.jpeg,.jpeg,178,177,L
Test,D7,HB15029.jpeg,.jpeg,178,177,L
Test,D7,HB15030.jpeg,.jpeg,178,177,L
Test,D7,HB15031.jpeg,.jpeg,178,177,L
Test,D7,HB15032.jpeg,.jpeg,178,177,L
Test,D7,HB15033.jpeg,.jpeg,178,177,L
Test,D7,HB15034.jpeg,.jpeg,178,177,L
Test,D7,HB15036.jpeg,.jpeg,178,177,L
Test,D7,HB15037.jpeg,.jpeg,178,177,L
Test,D7,HB15038.jpeg,.jpeg,178,177,L
Test,D7,HB15039.jpeg,.jpeg,178,177,L
Test,D7,HB15041.jpeg,.jpeg,178,177,L
Test,D7,HB15042.jpeg,.jpeg,178,177,L
Test,D7,HB15043.jpeg,.jpeg,178,177,L
Test,D7,HB15044.jpeg,.jpeg,178,177,L
Test,D7,HB15045.jpeg,.jpeg,178,177,L
Test,D7,HB15046.jpeg,.jpeg,178,177,L
Test,D7,HB15047.jpeg,.jpeg,178,177,L
Test,D7,HB15048.jpeg,.jpeg,178,177,L
Test,D7,HB15049.jpeg,.jpeg,178,177,L
Test,D7,HB15050.jpeg,.jpeg,178,177,L
Test,D7,HB15051.jpeg,.jpeg,178,177,L
Test,D7,HB15052.jpeg,.jpeg,178,177,L
Test,D7,HB15054.jpeg,.jpeg,178,177,L
Test,D7,HB15055.jpeg,.jpeg,178,177,L
Test,D7,HB15056.jpeg,.jpeg,178,177,L
Test,D7,HB15057.jpeg,.jpeg,178,177,L
Test,D7,HB15060.jpeg,.jpeg,178,177,L
Test,D7,HB15062.jpeg,.jpeg,178,177,L
Test,D7,HB15063.jpeg,.jpeg,178,177,L
Test,D7,HB15064.jpeg,.jpeg,178,177,L
Test,D7,HB15065.jpeg,.jpeg,178,177,L
Test,D7,HB15066.jpeg,.jpeg,178,177,L
Test,D7,HB15067.jpeg,.jpeg,178,177,L
Test,D7,HB15068.jpeg,.jpeg,178,177,L
Test,D7,HB15069.jpeg,.jpeg,178,177,L
Test,D7,HB15070.jpeg,.jpeg,178,177,L
Test,D7,HB15072.jpeg,.jpeg,178,177,L
Test,D7,HB15073.jpeg,.jpeg,178,177,L
Test,D7,HB15074.jpeg,.jpeg,178,177,L
Test,D7,HB15075.jpeg,.jpeg,178,177,L
Test,D7,HB15076.jpeg,.jpeg,178,177,L
Test,D7,HB15077.jpeg,.jpeg,178,177,L
Test,D7,HB15078.jpeg,.jpeg,178,177,L
Test,D7,HB15079.jpeg,.jpeg,178,177,L
Test,D7,HB15080.jpeg,.jpeg,178,177,L
Test,D7,HB15082.jpeg,.jpeg,178,177,L
Test,D7,HB15083.jpeg,.jpeg,178,177,L
Test,D7,HB15084.jpeg,.jpeg,178,177,L
Test,D7,HB15085.jpeg,.jpeg,178,177,L
Test,D7,HB15086.jpeg,.jpeg,178,177,L
Test,D7,HB15087.jpeg,.jpeg,178,177,L
Test,D7,HB15088.jpeg,.jpeg,178,177,L
Test,D7,HB15090.jpeg,.jpeg,178,177,L
Test,D7,HB15091.jpeg,.jpeg,178,177,L
Test,D7,HB15092.jpeg,.jpeg,178,177,L
Test,D7,HB15096.jpeg,.jpeg,178,177,L
Test,D7,HB15097.jpeg,.jpeg,178,177,L
Test,D7,HB15098.jpeg,.jpeg,178,177,L
Test,D7,HB15100.jpeg,.jpeg,178,177,L
Test,D7,HB15101.jpeg,.jpeg,178,177,L
Test,D7,HB15102.jpeg,.jpeg,178,177,L
Test,D7,HB15103.jpeg,.jpeg,178,177,L
Test,D7,HB15104.jpeg,.jpeg,178,177,L
Test,D7,HB15106.jpeg,.jpeg,178,177,L
Test,D7,HB15108.jpeg,.jpeg,178,177,L
Test,D7,HB15109.jpeg,.jpeg,178,177,L
Test,D7,HB15111.jpeg,.jpeg,178,177,L
Test,D7,HB15112.jpeg,.jpeg,178,177,L
Test,D7,HB15113.jpeg,.jpeg,178,177,L
Test,D7,HB15114.jpeg,.jpeg,178,177,L
Test,D7,HB15115.jpeg,.jpeg,178,177,L
Test,D7,HB15116.jpeg,.jpeg,178,177,L
Test,D7,HB15117.jpeg,.jpeg,178,177,L
Test,D7,HB15118.jpeg,.jpeg,178,177,L
Test,D7,HB15119.jpeg,.jpeg,178,177,L
Test,D7,HB15120.jpeg,.jpeg,178,177,L
Test,D7,HB15121.jpeg,.jpeg,178,177,L
Test,D7,HB15122.jpeg,.jpeg,178,177,L
Test,D7,HB15123.jpeg,.jpeg,178,177,L
Test,D7,HB15124.jpeg,.jpeg,178,177,L
Test,D7,HB15125.jpeg,.jpeg,178,177,L
Test,D7,HB15129.jpeg,.jpeg,178,177,L
Test,D7,HB15130.jpeg,.jpeg,178,177,L
Test,D7,HB15132.jpeg,.jpeg,178,177,L
Test,D7,HB15134.jpeg,.jpeg,178,177,L
Test,D7,HB15135.jpeg,.jpeg,178,177,L
Test,D7,HB15136.jpeg,.jpeg,178,177,L
Test,D7,HB15138.jpeg,.jpeg,178,177,L
Test,D7,HB15139.jpeg,.jpeg,178,177,L
Test,D7,HB15140.jpeg,.jpeg,178,177,L
Test,D7,HB15141.jpeg,.jpeg,178,177,L
Test,D7,HB15142.jpeg,.jpeg,178,177,L
Test,D7,HB15143.jpeg,.jpeg,178,177,L
Test,D7,HB15144.jpeg,.jpeg,178,177,L
Test,D7,HB15145.jpeg,.jpeg,178,177,L
Test,D7,HB15146.jpeg,.jpeg,178,177,L
Test,D7,HB15147.jpeg,.jpeg,178,177,L
Test,D7,HB15148.jpeg,.jpeg,178,177,L
Test,D7,HB15150.jpeg,.jpeg,178,177,L
Test,D7,HB15151.jpeg,.jpeg,178,177,L
Test,D7,HB15152.jpeg,.jpeg,178,177,L
Test,D7,HB15154.jpeg,.jpeg,178,177,L
Test,D7,HB15156.jpeg,.jpeg,178,177,L
Test,D7,HB15157.jpeg,.jpeg,178,177,L
Test,D7,HB15158.jpeg,.jpeg,178,177,L
Test,D7,HB15161.jpeg,.jpeg,178,177,L
Test,D7,HB15162.jpeg,.jpeg,178,177,L
Test,D7,HB15163.jpeg,.jpeg,178,177,L
Test,D7,HB15165.jpeg,.jpeg,178,177,L
Test,D7,HB15166.jpeg,.jpeg,178,177,L
Test,D7,HB15168.jpeg,.jpeg,178,177,L
Test,D7,HB15169.jpeg,.jpeg,178,177,L
Test,D7,HB15175.jpeg,.jpeg,178,177,L
Test,D7,HB15176.jpeg,.jpeg,178,177,L
Test,D7,HB15177.jpeg,.jpeg,178,177,L
Test,D7,HB15178.jpeg,.jpeg,178,177,L
Test,D7,HB15179.jpeg,.jpeg,178,177,L
Test,D7,HB15180.jpeg,.jpeg,178,177,L
Test,D7,HB15181.jpeg,.jpeg,178,177,L
Test,D7,HB15182.jpeg,.jpeg,178,177,L
Test,D7,HB15184.jpeg,.jpeg,178,177,L
Test,D7,HB15185.jpeg,.jpeg,178,177,L
Test,D7,HB15186.jpeg,.jpeg,178,177,L
Test,D7,HB15190.jpeg,.jpeg,178,177,L
Test,D7,HB15191.jpeg,.jpeg,178,177,L
Test,D7,HB15192.jpeg,.jpeg,178,177,L
Test,D7,HB15193.jpeg,.jpeg,178,177,L
Test,D7,HB15194.jpeg,.jpeg,178,177,L
Test,D7,HB15195.jpeg,.jpeg,178,177,L
Test,D7,HB15196.jpeg,.jpeg,178,177,L
Test,D7,HB15197.jpeg,.jpeg,178,177,L
Test,D7,HB15198.jpeg,.jpeg,178,177,L
Test,D7,HB15199.jpeg,.jpeg,178,177,L
Test,D7,HB15201.jpeg,.jpeg,178,177,L
Test,D7,HB15202.jpeg,.jpeg,178,177,L
Test,D7,HB15203.jpeg,.jpeg,178,177,L
Test,D7,HB15206.jpeg,.jpeg,178,177,L
Test,D7,HB15207.jpeg,.jpeg,178,177,L
Test,D7,HB15208.jpeg,.jpeg,178,177,L
Test,D7,HB15209.jpeg,.jpeg,178,177,L
Test,D7,HB15210.jpeg,.jpeg,178,177,L
Test,D7,HB15211.jpeg,.jpeg,178,177,L
Test,D7,HB15212.jpeg,.jpeg,178,177,L
Test,D7,HB15214.jpeg,.jpeg,178,177,L
Test,D7,HB15216.jpeg,.jpeg,178,177,L
Test,D7,HB15217.jpeg,.jpeg,178,177,L
Test,D7,HB15218.jpeg,.jpeg,178,177,L
Test,D7,HB15220.jpeg,.jpeg,178,177,L
Test,D7,HB15221.jpeg,.jpeg,178,177,L
Test,D7,HB15223.jpeg,.jpeg,178,177,L
Test,D7,HB15224.jpeg,.jpeg,178,177,L
Test,D7,HB15227.jpeg,.jpeg,178,177,L
Test,D7,HB15229.jpeg,.jpeg,178,177,L
Test,D7,HB15230.jpeg,.jpeg,178,177,L
Test,D7,HB15231.jpeg,.jpeg,178,177,L
Test,D7,HB15232.jpeg,.jpeg,178,177,L
Test,D7,HB15233.jpeg,.jpeg,178,177,L
Test,D7,HB15235.jpeg,.jpeg,178,177,L
Test,D7,HB15236.jpeg,.jpeg,178,177,L
Test,D7,HB15237.jpeg,.jpeg,178,177,L
Test,D7,HB15238.jpeg,.jpeg,178,177,L
Test,D7,HB15239.jpeg,.jpeg,178,177,L
Test,D7,HB15240.jpeg,.jpeg,178,177,L
Test,D7,HB15241.jpeg,.jpeg,178,177,L
Test,D7,HB15242.jpeg,.jpeg,178,177,L
Test,D7,HB15243.jpeg,.jpeg,178,177,L
Test,D7,HB15244.jpeg,.jpeg,178,177,L
Test,D7,HB15245.jpeg,.jpeg,178,177,L
Test,D7,HB15246.jpeg,.jpeg,178,177,L
Test,D7,HB15247.jpeg,.jpeg,178,177,L
Test,D7,HB15248.jpeg,.jpeg,178,177,L
Test,D7,HB15251.jpeg,.jpeg,178,177,L
Test,D7,HB15252.jpeg,.jpeg,178,177,L
Test,D7,HB15254.jpeg,.jpeg,178,177,L
Test,D7,HB15255.jpeg,.jpeg,178,177,L
Test,D7,HB15256.jpeg,.jpeg,178,177,L
Test,D7,HB15257.jpeg,.jpeg,178,177,L
Test,D7,HB15258.jpeg,.jpeg,178,177,L
Test,D7,HB15259.jpeg,.jpeg,178,177,L
Test,D7,HB15260.jpeg,.jpeg,178,177,L
Test,D7,HB15261.jpeg,.jpeg,178,177,L
Test,D7,HB15262.jpeg,.jpeg,178,177,L
Test,D7,HB15263.jpeg,.jpeg,178,177,L
Test,D7,HB15264.jpeg,.jpeg,178,177,L
Test,D7,HB15265.jpeg,.jpeg,178,177,L
Test,D7,HB15266.jpeg,.jpeg,178,177,L
Test,D7,HB15267.jpeg,.jpeg,178,177,L
Test,SLICY,HB14931.jpeg,.jpeg,54,54,L
Test,SLICY,HB14932.jpeg,.jpeg,54,54,L
Test,SLICY,HB14933.jpeg,.jpeg,54,54,L
Test,SLICY,HB14934.jpeg,.jpeg,54,54,L
Test,SLICY,HB14935.jpeg,.jpeg,54,54,L
Test,SLICY,HB14936.jpeg,.jpeg,54,54,L
Test,SLICY,HB14937.jpeg,.jpeg,54,54,L
Test,SLICY,HB14938.jpeg,.jpeg,54,54,L
Test,SLICY,HB14939.jpeg,.jpeg,54,54,L
Test,SLICY,HB14940.jpeg,.jpeg,54,54,L
Test,SLICY,HB14941.jpeg,.jpeg,54,54,L
Test,SLICY,HB14942.jpeg,.jpeg,54,54,L
Test,SLICY,HB14943.jpeg,.jpeg,54,54,L
Test,SLICY,HB14944.jpeg,.jpeg,54,54,L
Test,SLICY,HB14945.jpeg,.jpeg,54,54,L
Test,SLICY,HB14946.jpeg,.jpeg,54,54,L
Test,SLICY,HB14947.jpeg,.jpeg,54,54,L
Test,SLICY,HB14948.jpeg,.jpeg,54,54,L
Test,SLICY,HB14950.jpeg,.jpeg,54,54,L
Test,SLICY,HB14951.jpeg,.jpeg,54,54,L
Test,SLICY,HB14954.jpeg,.jpeg,54,54,L
Test,SLICY,HB14955.jpeg,.jpeg,54,54,L
Test,SLICY,HB14956.jpeg,.jpeg,54,54,L
Test,SLICY,HB14957.jpeg,.jpeg,54,54,L
Test,SLICY,HB14958.jpeg,.jpeg,54,54,L
Test,SLICY,HB14959.jpeg,.jpeg,54,54,L
Test,SLICY,HB14960.jpeg,.jpeg,54,54,L
Test,SLICY,HB14961.jpeg,.jpeg,54,54,L
Test,SLICY,HB14962.jpeg,.jpeg,54,54,L
Test,SLICY,HB14963.jpeg,.jpeg,54,54,L
Test,SLICY,HB14964.jpeg,.jpeg,54,54,L
Test,SLICY,HB14965.jpeg,.jpeg,54,54,L
Test,SLICY,HB14967.jpeg,.jpeg,54,54,L
Test,SLICY,HB14968.jpeg,.jpeg,54,54,L
Test,SLICY,HB14969.jpeg,.jpeg,54,54,L
Test,SLICY,HB14970.jpeg,.jpeg,54,54,L
Test,SLICY,HB14971.jpeg,.jpeg,54,54,L
Test,SLICY,HB14972.jpeg,.jpeg,54,54,L
Test,SLICY,HB14973.jpeg,.jpeg,54,54,L
Test,SLICY,HB14974.jpeg,.jpeg,54,54,L
Test,SLICY,HB14975.jpeg,.jpeg,54,54,L
Test,SLICY,HB14976.jpeg,.jpeg,54,54,L
Test,SLICY,HB14977.jpeg,.jpeg,54,54,L
Test,SLICY,HB14978.jpeg,.jpeg,54,54,L
Test,SLICY,HB14979.jpeg,.jpeg,54,54,L
Test,SLICY,HB14980.jpeg,.jpeg,54,54,L
Test,SLICY,HB14981.jpeg,.jpeg,54,54,L
Test,SLICY,HB14982.jpeg,.jpeg,54,54,L
Test,SLICY,HB14983.jpeg,.jpeg,54,54,L
Test,SLICY,HB14984.jpeg,.jpeg,54,54,L
Test,SLICY,HB14986.jpeg,.jpeg,54,54,L
Test,SLICY,HB14987.jpeg,.jpeg,54,54,L
Test,SLICY,HB14990.jpeg,.jpeg,54,54,L
Test,SLICY,HB14991.jpeg,.jpeg,54,54,L
Test,SLICY,HB14992.jpeg,.jpeg,54,54,L
Test,SLICY,HB14993.jpeg,.jpeg,54,54,L
Test,SLICY,HB14994.jpeg,.jpeg,54,54,L
Test,SLICY,HB14995.jpeg,.jpeg,54,54,L
Test,SLICY,HB14997.jpeg,.jpeg,54,54,L
Test,SLICY,HB14998.jpeg,.jpeg,54,54,L
Test,SLICY,HB14999.jpeg,.jpeg,54,54,L
Test,SLICY,HB15000.jpeg,.jpeg,54,54,L
Test,SLICY,HB15001.jpeg,.jpeg,54,54,L
Test,SLICY,HB15002.jpeg,.jpeg,54,54,L
Test,SLICY,HB15003.jpeg,.jpeg,54,54,L
Test,SLICY,HB15004.jpeg,.jpeg,54,54,L
Test,SLICY,HB15005.jpeg,.jpeg,54,54,L
Test,SLICY,HB15006.jpeg,.jpeg,54,54,L
Test,SLICY,HB15008.jpeg,.jpeg,54,54,L
Test,SLICY,HB15009.jpeg,.jpeg,54,54,L
Test,SLICY,HB15010.jpeg,.jpeg,54,54,L
Test,SLICY,HB15011.jpeg,.jpeg,54,54,L
Test,SLICY,HB15012.jpeg,.jpeg,54,54,L
Test,SLICY,HB15013.jpeg,.jpeg,54,54,L
Test,SLICY,HB15014.jpeg,.jpeg,54,54,L
Test,SLICY,HB15015.jpeg,.jpeg,54,54,L
Test,SLICY,HB15016.jpeg,.jpeg,54,54,L
Test,SLICY,HB15017.jpeg,.jpeg,54,54,L
Test,SLICY,HB15018.jpeg,.jpeg,54,54,L
Test,SLICY,HB15019.jpeg,.jpeg,54,54,L
Test,SLICY,HB15020.jpeg,.jpeg,54,54,L
Test,SLICY,HB15021.jpeg,.jpeg,54,54,L
Test,SLICY,HB15022.jpeg,.jpeg,54,54,L
Test,SLICY,HB15025.jpeg,.jpeg,54,54,L
Test,SLICY,HB15026.jpeg,.jpeg,54,54,L
Test,SLICY,HB15027.jpeg,.jpeg,54,54,L
Test,SLICY,HB15028.jpeg,.jpeg,54,54,L
Test,SLICY,HB15029.jpeg,.jpeg,54,54,L
Test,SLICY,HB15030.jpeg,.jpeg,54,54,L
Test,SLICY,HB15031.jpeg,.jpeg,54,54,L
Test,SLICY,HB15032.jpeg,.jpeg,54,54,L
Test,SLICY,HB15033.jpeg,.jpeg,54,54,L
Test,SLICY,HB15034.jpeg,.jpeg,54,54,L
Test,SLICY,HB15036.jpeg,.jpeg,54,54,L
Test,SLICY,HB15037.jpeg,.jpeg,54,54,L
Test,SLICY,HB15038.jpeg,.jpeg,54,54,L
Test,SLICY,HB15039.jpeg,.jpeg,54,54,L
Test,SLICY,HB15041.jpeg,.jpeg,54,54,L
Test,SLICY,HB15042.jpeg,.jpeg,54,54,L
Test,SLICY,HB15043.jpeg,.jpeg,54,54,L
Test,SLICY,HB15044.jpeg,.jpeg,54,54,L
Test,SLICY,HB15045.jpeg,.jpeg,54,54,L
Test,SLICY,HB15046.jpeg,.jpeg,54,54,L
Test,SLICY,HB15047.jpeg,.jpeg,54,54,L
Test,SLICY,HB15048.jpeg,.jpeg,54,54,L
Test,SLICY,HB15049.jpeg,.jpeg,54,54,L
Test,SLICY,HB15050.jpeg,.jpeg,54,54,L
Test,SLICY,HB15051.jpeg,.jpeg,54,54,L
Test,SLICY,HB15052.jpeg,.jpeg,54,54,L
Test,SLICY,HB15054.jpeg,.jpeg,54,54,L
Test,SLICY,HB15055.jpeg,.jpeg,54,54,L
Test,SLICY,HB15056.jpeg,.jpeg,54,54,L
Test,SLICY,HB15057.jpeg,.jpeg,54,54,L
Test,SLICY,HB15060.jpeg,.jpeg,54,54,L
Test,SLICY,HB15062.jpeg,.jpeg,54,54,L
Test,SLICY,HB15063.jpeg,.jpeg,54,54,L
Test,SLICY,HB15064.jpeg,.jpeg,54,54,L
Test,SLICY,HB15065.jpeg,.jpeg,54,54,L
Test,SLICY,HB15066.jpeg,.jpeg,54,54,L
Test,SLICY,HB15067.jpeg,.jpeg,54,54,L
Test,SLICY,HB15068.jpeg,.jpeg,54,54,L
Test,SLICY,HB15069.jpeg,.jpeg,54,54,L
Test,SLICY,HB15070.jpeg,.jpeg,54,54,L
Test,SLICY,HB15072.jpeg,.jpeg,54,54,L
Test,SLICY,HB15073.jpeg,.jpeg,54,54,L
Test,SLICY,HB15074.jpeg,.jpeg,54,54,L
Test,SLICY,HB15075.jpeg,.jpeg,54,54,L
Test,SLICY,HB15076.jpeg,.jpeg,54,54,L
Test,SLICY,HB15077.jpeg,.jpeg,54,54,L
Test,SLICY,HB15078.jpeg,.jpeg,54,54,L
Test,SLICY,HB15079.jpeg,.jpeg,54,54,L
Test,SLICY,HB15080.jpeg,.jpeg,54,54,L
Test,SLICY,HB15082.jpeg,.jpeg,54,54,L
Test,SLICY,HB15083.jpeg,.jpeg,54,54,L
Test,SLICY,HB15084.jpeg,.jpeg,54,54,L
Test,SLICY,HB15085.jpeg,.jpeg,54,54,L
Test,SLICY,HB15086.jpeg,.jpeg,54,54,L
Test,SLICY,HB15087.jpeg,.jpeg,54,54,L
Test,SLICY,HB15088.jpeg,.jpeg,54,54,L
Test,SLICY,HB15090.jpeg,.jpeg,54,54,L
Test,SLICY,HB15091.jpeg,.jpeg,54,54,L
Test,SLICY,HB15092.jpeg,.jpeg,54,54,L
Test,SLICY,HB15096.jpeg,.jpeg,54,54,L
Test,SLICY,HB15097.jpeg,.jpeg,54,54,L
Test,SLICY,HB15098.jpeg,.jpeg,54,54,L
Test,SLICY,HB15100.jpeg,.jpeg,54,54,L
Test,SLICY,HB15101.jpeg,.jpeg,54,54,L
Test,SLICY,HB15102.jpeg,.jpeg,54,54,L
Test,SLICY,HB15103.jpeg,.jpeg,54,54,L
Test,SLICY,HB15104.jpeg,.jpeg,54,54,L
Test,SLICY,HB15106.jpeg,.jpeg,54,54,L
Test,SLICY,HB15108.jpeg,.jpeg,54,54,L
Test,SLICY,HB15109.jpeg,.jpeg,54,54,L
Test,SLICY,HB15111.jpeg,.jpeg,54,54,L
Test,SLICY,HB15112.jpeg,.jpeg,54,54,L
Test,SLICY,HB15113.jpeg,.jpeg,54,54,L
Test,SLICY,HB15114.jpeg,.jpeg,54,54,L
Test,SLICY,HB15115.jpeg,.jpeg,54,54,L
Test,SLICY,HB15116.jpeg,.jpeg,54,54,L
Test,SLICY,HB15117.jpeg,.jpeg,54,54,L
Test,SLICY,HB15118.jpeg,.jpeg,54,54,L
Test,SLICY,HB15119.jpeg,.jpeg,54,54,L
Test,SLICY,HB15120.jpeg,.jpeg,54,54,L
Test,SLICY,HB15121.jpeg,.jpeg,54,54,L
Test,SLICY,HB15122.jpeg,.jpeg,54,54,L
Test,SLICY,HB15123.jpeg,.jpeg,54,54,L
Test,SLICY,HB15124.jpeg,.jpeg,54,54,L
Test,SLICY,HB15125.jpeg,.jpeg,54,54,L
Test,SLICY,HB15129.jpeg,.jpeg,54,54,L
Test,SLICY,HB15130.jpeg,.jpeg,54,54,L
Test,SLICY,HB15132.jpeg,.jpeg,54,54,L
Test,SLICY,HB15134.jpeg,.jpeg,54,54,L
Test,SLICY,HB15135.jpeg,.jpeg,54,54,L
Test,SLICY,HB15136.jpeg,.jpeg,54,54,L
Test,SLICY,HB15138.jpeg,.jpeg,54,54,L
Test,SLICY,HB15139.jpeg,.jpeg,54,54,L
Test,SLICY,HB15140.jpeg,.jpeg,54,54,L
Test,SLICY,HB15141.jpeg,.jpeg,54,54,L
Test,SLICY,HB15142.jpeg,.jpeg,54,54,L
Test,SLICY,HB15143.jpeg,.jpeg,54,54,L
Test,SLICY,HB15144.jpeg,.jpeg,54,54,L
Test,SLICY,HB15145.jpeg,.jpeg,54,54,L
Test,SLICY,HB15146.jpeg,.jpeg,54,54,L
Test,SLICY,HB15147.jpeg,.jpeg,54,54,L
Test,SLICY,HB15148.jpeg,.jpeg,54,54,L
Test,SLICY,HB15150.jpeg,.jpeg,54,54,L
Test,SLICY,HB15151.jpeg,.jpeg,54,54,L
Test,SLICY,HB15152.jpeg,.jpeg,54,54,L
Test,SLICY,HB15154.jpeg,.jpeg,54,54,L
Test,SLICY,HB15156.jpeg,.jpeg,54,54,L
Test,SLICY,HB15157.jpeg,.jpeg,54,54,L
Test,SLICY,HB15158.jpeg,.jpeg,54,54,L
Test,SLICY,HB15161.jpeg,.jpeg,54,54,L
Test,SLICY,HB15162.jpeg,.jpeg,54,54,L
Test,SLICY,HB15163.jpeg,.jpeg,54,54,L
Test,SLICY,HB15165.jpeg,.jpeg,54,54,L
Test,SLICY,HB15166.jpeg,.jpeg,54,54,L
Test,SLICY,HB15168.jpeg,.jpeg,54,54,L
Test,SLICY,HB15169.jpeg,.jpeg,54,54,L
Test,SLICY,HB15175.jpeg,.jpeg,54,54,L
Test,SLICY,HB15176.jpeg,.jpeg,54,54,L
Test,SLICY,HB15177.jpeg,.jpeg,54,54,L
Test,SLICY,HB15178.jpeg,.jpeg,54,54,L
Test,SLICY,HB15179.jpeg,.jpeg,54,54,L
Test,SLICY,HB15180.jpeg,.jpeg,54,54,L
Test,SLICY,HB15181.jpeg,.jpeg,54,54,L
Test,SLICY,HB15182.jpeg,.jpeg,54,54,L
Test,SLICY,HB15184.jpeg,.jpeg,54,54,L
Test,SLICY,HB15185.jpeg,.jpeg,54,54,L
Test,SLICY,HB15186.jpeg,.jpeg,54,54,L
Test,SLICY,HB15190.jpeg,.jpeg,54,54,L
Test,SLICY,HB15191.jpeg,.jpeg,54,54,L
Test,SLICY,HB15192.jpeg,.jpeg,54,54,L
Test,SLICY,HB15193.jpeg,.jpeg,54,54,L
Test,SLICY,HB15194.jpeg,.jpeg,54,54,L
Test,SLICY,HB15195.jpeg,.jpeg,54,54,L
Test,SLICY,HB15196.jpeg,.jpeg,54,54,L
Test,SLICY,HB15197.jpeg,.jpeg,54,54,L
Test,SLICY,HB15198.jpeg,.jpeg,54,54,L
Test,SLICY,HB15199.jpeg,.jpeg,54,54,L
Test,SLICY,HB15201.jpeg,.jpeg,54,54,L
Test,SLICY,HB15202.jpeg,.jpeg,54,54,L
Test,SLICY,HB15203.jpeg,.jpeg,54,54,L
Test,SLICY,HB15206.jpeg,.jpeg,54,54,L
Test,SLICY,HB15207.jpeg,.jpeg,54,54,L
Test,SLICY,HB15208.jpeg,.jpeg,54,54,L
Test,SLICY,HB15209.jpeg,.jpeg,54,54,L
Test,SLICY,HB15210.jpeg,.jpeg,54,54,L
Test,SLICY,HB15211.jpeg,.jpeg,54,54,L
Test,SLICY,HB15212.jpeg,.jpeg,54,54,L
Test,SLICY,HB15214.jpeg,.jpeg,54,54,L
Test,SLICY,HB15216.jpeg,.jpeg,54,54,L
Test,SLICY,HB15217.jpeg,.jpeg,54,54,L
Test,SLICY,HB15218.jpeg,.jpeg,54,54,L
Test,SLICY,HB15220.jpeg,.jpeg,54,54,L
Test,SLICY,HB15221.jpeg,.jpeg,54,54,L
Test,SLICY,HB15223.jpeg,.jpeg,54,54,L
Test,SLICY,HB15224.jpeg,.jpeg,54,54,L
Test,SLICY,HB15227.jpeg,.jpeg,54,54,L
Test,SLICY,HB15229.jpeg,.jpeg,54,54,L
Test,SLICY,HB15230.jpeg,.jpeg,54,54,L
Test,SLICY,HB15231.jpeg,.jpeg,54,54,L
Test,SLICY,HB15232.jpeg,.jpeg,54,54,L
Test,SLICY,HB15233.jpeg,.jpeg,54,54,L
Test,SLICY,HB15235.jpeg,.jpeg,54,54,L
Test,SLICY,HB15236.jpeg,.jpeg,54,54,L
Test,SLICY,HB15237.jpeg,.jpeg,54,54,L
Test,SLICY,HB15238.jpeg,.jpeg,54,54,L
Test,SLICY,HB15239.jpeg,.jpeg,54,54,L
Test,SLICY,HB15240.jpeg,.jpeg,54,54,L
Test,SLICY,HB15241.jpeg,.jpeg,54,54,L
Test,SLICY,HB15242.jpeg,.jpeg,54,54,L
Test,SLICY,HB15243.jpeg,.jpeg,54,54,L
Test,SLICY,HB15244.jpeg,.jpeg,54,54,L
Test,SLICY,HB15245.jpeg,.jpeg,54,54,L
Test,SLICY,HB15246.jpeg,.jpeg,54,54,L
Test,SLICY,HB15247.jpeg,.jpeg,54,54,L
Test,SLICY,HB15248.jpeg,.jpeg,54,54,L
Test,SLICY,HB15251.jpeg,.jpeg,54,54,L
Test,SLICY,HB15252.jpeg,.jpeg,54,54,L
Test,SLICY,HB15254.jpeg,.jpeg,54,54,L
Test,SLICY,HB15255.jpeg,.jpeg,54,54,L
Test,SLICY,HB15256.jpeg,.jpeg,54,54,L
Test,SLICY,HB15257.jpeg,.jpeg,54,54,L
Test,SLICY,HB15258.jpeg,.jpeg,54,54,L
Test,SLICY,HB15259.jpeg,.jpeg,54,54,L
Test,SLICY,HB15260.jpeg,.jpeg,54,54,L
Test,SLICY,HB15261.jpeg,.jpeg,54,54,L
Test,SLICY,HB15262.jpeg,.jpeg,54,54,L
Test,SLICY,HB15263.jpeg,.jpeg,54,54,L
Test,SLICY,HB15264.jpeg,.jpeg,54,54,L
Test,SLICY,HB15265.jpeg,.jpeg,54,54,L
Test,SLICY,HB15266.jpeg,.jpeg,54,54,L
Test,SLICY,HB15267.jpeg,.jpeg,54,54,L
Test,T62,HB14931.jpeg,.jpeg,173,172,L
Test,T62,HB14932.jpeg,.jpeg,173,172,L
Test,T62,HB14933.jpeg,.jpeg,173,172,L
Test,T62,HB14934.jpeg,.jpeg,173,172,L
Test,T62,HB14935.jpeg,.jpeg,173,172,L
Test,T62,HB14936.jpeg,.jpeg,173,172,L
Test,T62,HB14937.jpeg,.jpeg,173,172,L
Test,T62,HB14938.jpeg,.jpeg,173,172,L
Test,T62,HB14939.jpeg,.jpeg,173,172,L
Test,T62,HB14940.jpeg,.jpeg,173,172,L
Test,T62,HB14941.jpeg,.jpeg,173,172,L
Test,T62,HB14942.jpeg,.jpeg,173,172,L
Test,T62,HB14943.jpeg,.jpeg,173,172,L
Test,T62,HB14944.jpeg,.jpeg,173,172,L
Test,T62,HB14945.jpeg,.jpeg,173,172,L
Test,T62,HB14946.jpeg,.jpeg,173,172,L
Test,T62,HB14947.jpeg,.jpeg,173,172,L
Test,T62,HB14948.jpeg,.jpeg,173,172,L
Test,T62,HB14950.jpeg,.jpeg,173,172,L
Test,T62,HB14951.jpeg,.jpeg,173,172,L
Test,T62,HB14954.jpeg,.jpeg,173,172,L
Test,T62,HB14955.jpeg,.jpeg,173,172,L
Test,T62,HB14956.jpeg,.jpeg,173,172,L
Test,T62,HB14957.jpeg,.jpeg,173,172,L
Test,T62,HB14958.jpeg,.jpeg,173,172,L
Test,T62,HB14959.jpeg,.jpeg,173,172,L
Test,T62,HB14960.jpeg,.jpeg,173,172,L
Test,T62,HB14961.jpeg,.jpeg,173,172,L
Test,T62,HB14962.jpeg,.jpeg,173,172,L
Test,T62,HB14963.jpeg,.jpeg,173,172,L
Test,T62,HB14964.jpeg,.jpeg,173,172,L
Test,T62,HB14965.jpeg,.jpeg,173,172,L
Test,T62,HB14967.jpeg,.jpeg,173,172,L
Test,T62,HB14968.jpeg,.jpeg,173,172,L
Test,T62,HB14969.jpeg,.jpeg,173,172,L
Test,T62,HB14970.jpeg,.jpeg,173,172,L
Test,T62,HB14971.jpeg,.jpeg,173,172,L
Test,T62,HB14972.jpeg,.jpeg,173,172,L
Test,T62,HB14973.jpeg,.jpeg,173,172,L
Test,T62,HB14974.jpeg,.jpeg,173,172,L
Test,T62,HB14975.jpeg,.jpeg,173,172,L
Test,T62,HB14976.jpeg,.jpeg,173,172,L
Test,T62,HB14977.jpeg,.jpeg,173,172,L
Test,T62,HB14978.jpeg,.jpeg,173,172,L
Test,T62,HB14979.jpeg,.jpeg,173,172,L
Test,T62,HB14980.jpeg,.jpeg,173,172,L
Test,T62,HB14981.jpeg,.jpeg,173,172,L
Test,T62,HB14982.jpeg,.jpeg,173,172,L
Test,T62,HB14983.jpeg,.jpeg,173,172,L
Test,T62,HB14984.jpeg,.jpeg,173,172,L
Test,T62,HB14986.jpeg,.jpeg,173,172,L
Test,T62,HB14987.jpeg,.jpeg,173,172,L
Test,T62,HB14990.jpeg,.jpeg,173,172,L
Test,T62,HB14991.jpeg,.jpeg,173,172,L
Test,T62,HB14992.jpeg,.jpeg,173,172,L
Test,T62,HB14993.jpeg,.jpeg,173,172,L
Test,T62,HB14994.jpeg,.jpeg,173,172,L
Test,T62,HB14995.jpeg,.jpeg,173,172,L
Test,T62,HB14997.jpeg,.jpeg,173,172,L
Test,T62,HB14998.jpeg,.jpeg,173,172,L
Test,T62,HB14999.jpeg,.jpeg,173,172,L
Test,T62,HB15000.jpeg,.jpeg,173,172,L
Test,T62,HB15001.jpeg,.jpeg,173,172,L
Test,T62,HB15002.jpeg,.jpeg,173,172,L
Test,T62,HB15003.jpeg,.jpeg,173,172,L
Test,T62,HB15004.jpeg,.jpeg,173,172,L
Test,T62,HB15005.jpeg,.jpeg,173,172,L
Test,T62,HB15006.jpeg,.jpeg,173,172,L
Test,T62,HB15008.jpeg,.jpeg,173,172,L
Test,T62,HB15009.jpeg,.jpeg,173,172,L
Test,T62,HB15010.jpeg,.jpeg,173,172,L
Test,T62,HB15011.jpeg,.jpeg,173,172,L
Test,T62,HB15012.jpeg,.jpeg,173,172,L
Test,T62,HB15013.jpeg,.jpeg,173,172,L
Test,T62,HB15014.jpeg,.jpeg,173,172,L
Test,T62,HB15015.jpeg,.jpeg,173,172,L
Test,T62,HB15016.jpeg,.jpeg,173,172,L
Test,T62,HB15017.jpeg,.jpeg,173,172,L
Test,T62,HB15018.jpeg,.jpeg,173,172,L
Test,T62,HB15019.jpeg,.jpeg,173,172,L
Test,T62,HB15020.jpeg,.jpeg,173,172,L
Test,T62,HB15021.jpeg,.jpeg,173,172,L
Test,T62,HB15022.jpeg,.jpeg,173,172,L
Test,T62,HB15025.jpeg,.jpeg,173,172,L
Test,T62,HB15026.jpeg,.jpeg,173,172,L
Test,T62,HB15027.jpeg,.jpeg,173,172,L
Test,T62,HB15028.jpeg,.jpeg,173,172,L
Test,T62,HB15029.jpeg,.jpeg,173,172,L
Test,T62,HB15030.jpeg,.jpeg,173,172,L
Test,T62,HB15031.jpeg,.jpeg,173,172,L
Test,T62,HB15032.jpeg,.jpeg,173,172,L
Test,T62,HB15033.jpeg,.jpeg,173,172,L
Test,T62,HB15034.jpeg,.jpeg,173,172,L
Test,T62,HB15036.jpeg,.jpeg,173,172,L
Test,T62,HB15037.jpeg,.jpeg,173,172,L
Test,T62,HB15038.jpeg,.jpeg,173,172,L
Test,T62,HB15039.jpeg,.jpeg,173,172,L
Test,T62,HB15041.jpeg,.jpeg,173,172,L
Test,T62,HB15042.jpeg,.jpeg,173,172,L
Test,T62,HB15043.jpeg,.jpeg,173,172,L
Test,T62,HB15044.jpeg,.jpeg,173,172,L
Test,T62,HB15045.jpeg,.jpeg,173,172,L
Test,T62,HB15046.jpeg,.jpeg,173,172,L
Test,T62,HB15047.jpeg,.jpeg,173,172,L
Test,T62,HB15048.jpeg,.jpeg,173,172,L
Test,T62,HB15049.jpeg,.jpeg,173,172,L
Test,T62,HB15050.jpeg,.jpeg,173,172,L
Test,T62,HB15051.jpeg,.jpeg,173,172,L
Test,T62,HB15052.jpeg,.jpeg,173,172,L
Test,T62,HB15054.jpeg,.jpeg,173,172,L
Test,T62,HB15055.jpeg,.jpeg,173,172,L
Test,T62,HB15056.jpeg,.jpeg,173,172,L
Test,T62,HB15057.jpeg,.jpeg,173,172,L
Test,T62,HB15060.jpeg,.jpeg,173,172,L
Test,T62,HB15062.jpeg,.jpeg,173,172,L
Test,T62,HB15063.jpeg,.jpeg,173,172,L
Test,T62,HB15064.jpeg,.jpeg,173,172,L
Test,T62,HB15065.jpeg,.jpeg,173,172,L
Test,T62,HB15066.jpeg,.jpeg,173,172,L
Test,T62,HB15067.jpeg,.jpeg,173,172,L
Test,T62,HB15068.jpeg,.jpeg,173,172,L
Test,T62,HB15069.jpeg,.jpeg,173,172,L
Test,T62,HB15070.jpeg,.jpeg,173,172,L
Test,T62,HB15072.jpeg,.jpeg,173,172,L
Test,T62,HB15073.jpeg,.jpeg,173,172,L
Test,T62,HB15074.jpeg,.jpeg,173,172,L
Test,T62,HB15075.jpeg,.jpeg,173,172,L
Test,T62,HB15076.jpeg,.jpeg,173,172,L
Test,T62,HB15077.jpeg,.jpeg,173,172,L
Test,T62,HB15078.jpeg,.jpeg,173,172,L
Test,T62,HB15079.jpeg,.jpeg,173,172,L
Test,T62,HB15080.jpeg,.jpeg,173,172,L
Test,T62,HB15082.jpeg,.jpeg,173,172,L
Test,T62,HB15083.jpeg,.jpeg,173,172,L
Test,T62,HB15084.jpeg,.jpeg,173,172,L
Test,T62,HB15085.jpeg,.jpeg,173,172,L
Test,T62,HB15086.jpeg,.jpeg,173,172,L
Test,T62,HB15087.jpeg,.jpeg,173,172,L
Test,T62,HB15088.jpeg,.jpeg,173,172,L
Test,T62,HB15090.jpeg,.jpeg,173,172,L
Test,T62,HB15091.jpeg,.jpeg,173,172,L
Test,T62,HB15092.jpeg,.jpeg,173,172,L
Test,T62,HB15096.jpeg,.jpeg,173,172,L
Test,T62,HB15097.jpeg,.jpeg,173,172,L
Test,T62,HB15098.jpeg,.jpeg,173,172,L
Test,T62,HB15100.jpeg,.jpeg,173,172,L
Test,T62,HB15101.jpeg,.jpeg,173,172,L
Test,T62,HB15102.jpeg,.jpeg,173,172,L
Test,T62,HB15103.jpeg,.jpeg,173,172,L
Test,T62,HB15104.jpeg,.jpeg,173,172,L
Test,T62,HB15106.jpeg,.jpeg,173,172,L
Test,T62,HB15108.jpeg,.jpeg,173,172,L
Test,T62,HB15109.jpeg,.jpeg,173,172,L
Test,T62,HB15111.jpeg,.jpeg,173,172,L
Test,T62,HB15112.jpeg,.jpeg,173,172,L
Test,T62,HB15113.jpeg,.jpeg,173,172,L
Test,T62,HB15114.jpeg,.jpeg,173,172,L
Test,T62,HB15115.jpeg,.jpeg,173,172,L
Test,T62,HB15116.jpeg,.jpeg,173,172,L
Test,T62,HB15117.jpeg,.jpeg,173,172,L
Test,T62,HB15118.jpeg,.jpeg,173,172,L
Test,T62,HB15119.jpeg,.jpeg,173,172,L
Test,T62,HB15120.jpeg,.jpeg,173,172,L
Test,T62,HB15121.jpeg,.jpeg,173,172,L
Test,T62,HB15122.jpeg,.jpeg,173,172,L
Test,T62,HB15123.jpeg,.jpeg,173,172,L
Test,T62,HB15124.jpeg,.jpeg,173,172,L
Test,T62,HB15125.jpeg,.jpeg,173,172,L
Test,T62,HB15129.jpeg,.jpeg,173,172,L
Test,T62,HB15130.jpeg,.jpeg,173,172,L
Test,T62,HB15132.jpeg,.jpeg,173,172,L
Test,T62,HB15134.jpeg,.jpeg,173,172,L
Test,T62,HB15135.jpeg,.jpeg,173,172,L
Test,T62,HB15136.jpeg,.jpeg,173,172,L
Test,T62,HB15138.jpeg,.jpeg,173,172,L
Test,T62,HB15139.jpeg,.jpeg,173,172,L
Test,T62,HB15140.jpeg,.jpeg,173,172,L
Test,T62,HB15141.jpeg,.jpeg,173,172,L
Test,T62,HB15142.jpeg,.jpeg,173,172,L
Test,T62,HB15143.jpeg,.jpeg,173,172,L
Test,T62,HB15144.jpeg,.jpeg,173,172,L
Test,T62,HB15145.jpeg,.jpeg,173,172,L
Test,T62,HB15146.jpeg,.jpeg,173,172,L
Test,T62,HB15147.jpeg,.jpeg,173,172,L
Test,T62,HB15148.jpeg,.jpeg,173,172,L
Test,T62,HB15150.jpeg,.jpeg,173,172,L
Test,T62,HB15151.jpeg,.jpeg,173,172,L
Test,T62,HB15152.jpeg,.jpeg,173,172,L
Test,T62,HB15154.jpeg,.jpeg,173,172,L
Test,T62,HB15156.jpeg,.jpeg,173,172,L
Test,T62,HB15157.jpeg,.jpeg,173,172,L
Test,T62,HB15158.jpeg,.jpeg,173,172,L
Test,T62,HB15161.jpeg,.jpeg,173,172,L
Test,T62,HB15162.jpeg,.jpeg,173,172,L
Test,T62,HB15163.jpeg,.jpeg,173,172,L
Test,T62,HB15165.jpeg,.jpeg,173,172,L
Test,T62,HB15166.jpeg,.jpeg,173,172,L
Test,T62,HB15168.jpeg,.jpeg,173,172,L
Test,T62,HB15169.jpeg,.jpeg,173,172,L
Test,T62,HB15175.jpeg,.jpeg,173,172,L
Test,T62,HB15176.jpeg,.jpeg,173,172,L
Test,T62,HB15177.jpeg,.jpeg,173,172,L
Test,T62,HB15178.jpeg,.jpeg,173,172,L
Test,T62,HB15179.jpeg,.jpeg,173,172,L
Test,T62,HB15180.jpeg,.jpeg,173,172,L
Test,T62,HB15181.jpeg,.jpeg,173,172,L
Test,T62,HB15182.jpeg,.jpeg,173,172,L
Test,T62,HB15184.jpeg,.jpeg,173,172,L
Test,T62,HB15185.jpeg,.jpeg,173,172,L
Test,T62,HB15186.jpeg,.jpeg,173,172,L
Test,T62,HB15190.jpeg,.jpeg,173,172,L
Test,T62,HB15191.jpeg,.jpeg,173,172,L
Test,T62,HB15192.jpeg,.jpeg,173,172,L
Test,T62,HB15193.jpeg,.jpeg,173,172,L
Test,T62,HB15194.jpeg,.jpeg,173,172,L
Test,T62,HB15195.jpeg,.jpeg,173,172,L
Test,T62,HB15196.jpeg,.jpeg,173,172,L
Test,T62,HB15197.jpeg,.jpeg,173,172,L
Test,T62,HB15198.jpeg,.jpeg,173,172,L
Test,T62,HB15199.jpeg,.jpeg,173,172,L
Test,T62,HB15201.jpeg,.jpeg,173,172,L
Test,T62,HB15202.jpeg,.jpeg,173,172,L
Test,T62,HB15203.jpeg,.jpeg,173,172,L
Test,T62,HB15206.jpeg,.jpeg,173,172,L
Test,T62,HB15207.jpeg,.jpeg,173,172,L
Test,T62,HB15208.jpeg,.jpeg,173,172,L
Test,T62,HB15209.jpeg,.jpeg,173,172,L
Test,T62,HB15210.jpeg,.jpeg,173,172,L
Test,T62,HB15211.jpeg,.jpeg,173,172,L
Test,T62,HB15212.jpeg,.jpeg,173,172,L
Test,T62,HB15214.jpeg,.jpeg,173,172,L
Test,T62,HB15216.jpeg,.jpeg,173,172,L
Test,T62,HB15217.jpeg,.jpeg,173,172,L
Test,T62,HB15218.jpeg,.jpeg,173,172,L
Test,T62,HB15220.jpeg,.jpeg,173,172,L
Test,T62,HB15221.jpeg,.jpeg,173,172,L
Test,T62,HB15224.jpeg,.jpeg,173,172,L
Test,T62,HB15227.jpeg,.jpeg,173,172,L
Test,T62,HB15229.jpeg,.jpeg,173,172,L
Test,T62,HB15230.jpeg,.jpeg,173,172,L
Test,T62,HB15231.jpeg,.jpeg,173,172,L
Test,T62,HB15232.jpeg,.jpeg,173,172,L
Test,T62,HB15233.jpeg,.jpeg,173,172,L
Test,T62,HB15235.jpeg,.jpeg,173,172,L
Test,T62,HB15236.jpeg,.jpeg,173,172,L
Test,T62,HB15237.jpeg,.jpeg,173,172,L
Test,T62,HB15238.jpeg,.jpeg,173,172,L
Test,T62,HB15239.jpeg,.jpeg,173,172,L
Test,T62,HB15240.jpeg,.jpeg,173,172,L
Test,T62,HB15241.jpeg,.jpeg,173,172,L
Test,T62,HB15242.jpeg,.jpeg,173,172,L
Test,T62,HB15243.jpeg,.jpeg,173,172,L
Test,T62,HB15244.jpeg,.jpeg,173,172,L
Test,T62,HB15245.jpeg,.jpeg,173,172,L
Test,T62,HB15246.jpeg,.jpeg,173,172,L
Test,T62,HB15247.jpeg,.jpeg,173,172,L
Test,T62,HB15248.jpeg,.jpeg,173,172,L
Test,T62,HB15251.jpeg,.jpeg,173,172,L
Test,T62,HB15252.jpeg,.jpeg,173,172,L
Test,T62,HB15254.jpeg,.jpeg,173,172,L
Test,T62,HB15255.jpeg,.jpeg,173,172,L
Test,T62,HB15256.jpeg,.jpeg,173,172,L
Test,T62,HB15257.jpeg,.jpeg,173,172,L
Test,T62,HB15258.jpeg,.jpeg,173,172,L
Test,T62,HB15259.jpeg,.jpeg,173,172,L
Test,T62,HB15260.jpeg,.jpeg,173,172,L
Test,T62,HB15261.jpeg,.jpeg,173,172,L
Test,T62,HB15262.jpeg,.jpeg,173,172,L
Test,T62,HB15263.jpeg,.jpeg,173,172,L
Test,T62,HB15264.jpeg,.jpeg,173,172,L
Test,T62,HB15265.jpeg,.jpeg,173,172,L
Test,T62,HB15266.jpeg,.jpeg,173,172,L
Test,T62,HB15267.jpeg,.jpeg,173,172,L
Test,T72,HB03333.jpeg,.jpeg,128,128,L
Test,T72,HB03334.jpeg,.jpeg,128,128,L
Test,T72,HB03335.jpeg,.jpeg,128,128,L
Test,T72,HB03337.jpeg,.jpeg,128,128,L
Test,T72,HB03338.jpeg,.jpeg,128,128,L
Test,T72,HB03340.jpeg,.jpeg,128,128,L
Test,T72,HB03341.jpeg,.jpeg,128,128,L
Test,T72,HB03342.jpeg,.jpeg,128,128,L
Test,T72,HB03343.jpeg,.jpeg,128,128,L
Test,T72,HB03344.jpeg,.jpeg,128,128,L
Test,T72,HB03347.jpeg,.jpeg,128,128,L
Test,T72,HB03348.jpeg,.jpeg,128,128,L
Test,T72,HB03351.jpeg,.jpeg,128,128,L
Test,T72,HB03352.jpeg,.jpeg,128,128,L
Test,T72,HB03353.jpeg,.jpeg,128,128,L
Test,T72,HB03354.jpeg,.jpeg,128,128,L
Test,T72,HB03355.jpeg,.jpeg,128,128,L
Test,T72,HB03356.jpeg,.jpeg,128,128,L
Test,T72,HB03358.jpeg,.jpeg,128,128,L
Test,T72,HB03361.jpeg,.jpeg,128,128,L
Test,T72,HB03363.jpeg,.jpeg,128,128,L
Test,T72,HB03364.jpeg,.jpeg,128,128,L
Test,T72,HB03365.jpeg,.jpeg,128,128,L
Test,T72,HB03366.jpeg,.jpeg,128,128,L
Test,T72,HB03367.jpeg,.jpeg,128,128,L
Test,T72,HB03368.jpeg,.jpeg,128,128,L
Test,T72,HB03375.jpeg,.jpeg,128,128,L
Test,T72,HB03376.jpeg,.jpeg,128,128,L
Test,T72,HB03377.jpeg,.jpeg,128,128,L
Test,T72,HB03379.jpeg,.jpeg,128,128,L
Test,T72,HB03380.jpeg,.jpeg,128,128,L
Test,T72,HB03381.jpeg,.jpeg,128,128,L
Test,T72,HB03382.jpeg,.jpeg,128,128,L
Test,T72,HB03383.jpeg,.jpeg,128,128,L
Test,T72,HB03384.jpeg,.jpeg,128,128,L
Test,T72,HB03385.jpeg,.jpeg,128,128,L
Test,T72,HB03386.jpeg,.jpeg,128,128,L
Test,T72,HB03387.jpeg,.jpeg,128,128,L
Test,T72,HB03395.jpeg,.jpeg,128,128,L
Test,T72,HB03397.jpeg,.jpeg,128,128,L
Test,T72,HB03398.jpeg,.jpeg,128,128,L
Test,T72,HB03399.jpeg,.jpeg,128,128,L
Test,T72,HB03400.jpeg,.jpeg,128,128,L
Test,T72,HB03401.jpeg,.jpeg,128,128,L
Test,T72,HB03402.jpeg,.jpeg,128,128,L
Test,T72,HB03403.jpeg,.jpeg,128,128,L
Test,T72,HB03405.jpeg,.jpeg,128,128,L
Test,T72,HB03406.jpeg,.jpeg,128,128,L
Test,T72,HB03407.jpeg,.jpeg,128,128,L
Test,T72,HB03410.jpeg,.jpeg,128,128,L
Test,T72,HB03414.jpeg,.jpeg,128,128,L
Test,T72,HB03415.jpeg,.jpeg,128,128,L
Test,T72,HB03416.jpeg,.jpeg,128,128,L
Test,T72,HB03417.jpeg,.jpeg,128,128,L
Test,T72,HB03418.jpeg,.jpeg,128,128,L
Test,T72,HB03420.jpeg,.jpeg,128,128,L
Test,T72,HB03422.jpeg,.jpeg,128,128,L
Test,T72,HB03423.jpeg,.jpeg,128,128,L
Test,T72,HB03424.jpeg,.jpeg,128,128,L
Test,T72,HB03426.jpeg,.jpeg,128,128,L
Test,T72,HB03427.jpeg,.jpeg,128,128,L
Test,T72,HB03428.jpeg,.jpeg,128,128,L
Test,T72,HB03429.jpeg,.jpeg,128,128,L
Test,T72,HB03434.jpeg,.jpeg,128,128,L
Test,T72,HB03435.jpeg,.jpeg,128,128,L
Test,T72,HB03436.jpeg,.jpeg,128,128,L
Test,T72,HB03437.jpeg,.jpeg,128,128,L
Test,T72,HB03438.jpeg,.jpeg,128,128,L
Test,T72,HB03439.jpeg,.jpeg,128,128,L
Test,T72,HB03440.jpeg,.jpeg,128,128,L
Test,T72,HB03441.jpeg,.jpeg,128,128,L
Test,T72,HB03442.jpeg,.jpeg,128,128,L
Test,T72,HB03443.jpeg,.jpeg,128,128,L
Test,T72,HB03444.jpeg,.jpeg,128,128,L
Test,T72,HB03445.jpeg,.jpeg,128,128,L
Test,T72,HB03446.jpeg,.jpeg,128,128,L
Test,T72,HB04933.jpeg,.jpeg,128,128,L
Test,T72,HB04934.jpeg,.jpeg,128,128,L
Test,T72,HB04936.jpeg,.jpeg,128,128,L
Test,T72,HB04938.jpeg,.jpeg,128,128,L
Test,T72,HB04940.jpeg,.jpeg,128,128,L
Test,T72,HB04945.jpeg,.jpeg,128,128,L
Test,T72,HB04946.jpeg,.jpeg,128,128,L
Test,T72,HB04947.jpeg,.jpeg,128,128,L
Test,T72,HB04949.jpeg,.jpeg,128,128,L
Test,T72,HB04950.jpeg,.jpeg,128,128,L
Test,T72,HB04951.jpeg,.jpeg,128,128,L
Test,T72,HB04952.jpeg,.jpeg,128,128,L
Test,T72,HB04954.jpeg,.jpeg,128,128,L
Test,T72,HB04957.jpeg,.jpeg,128,128,L
Test,T72,HB04958.jpeg,.jpeg,128,128,L
Test,T72,HB04959.jpeg,.jpeg,128,128,L
Test,T72,HB04961.jpeg,.jpeg,128,128,L
Test,T72,HB04963.jpeg,.jpeg,128,128,L
Test,T72,HB04965.jpeg,.jpeg,128,128,L
Test,T72,HB04967.jpeg,.jpeg,128,128,L
Test,T72,HB04968.jpeg,.jpeg,128,128,L
Test,T72,HB04971.jpeg,.jpeg,128,128,L
Test,T72,HB04973.jpeg,.jpeg,128,128,L
Test,T72,HB04975.jpeg,.jpeg,128,128,L
Test,T72,HB04976.jpeg,.jpeg,128,128,L
Test,T72,HB04977.jpeg,.jpeg,128,128,L
Test,T72,HB04978.jpeg,.jpeg,128,128,L
Test,T72,HB04980.jpeg,.jpeg,128,128,L
Test,T72,HB04982.jpeg,.jpeg,128,128,L
Test,T72,HB04984.jpeg,.jpeg,128,128,L
Test,T72,HB04985.jpeg,.jpeg,128,128,L
Test,T72,HB04986.jpeg,.jpeg,128,128,L
Test,T72,HB04987.jpeg,.jpeg,128,128,L
Test,T72,HB04988.jpeg,.jpeg,128,128,L
Test,T72,HB04989.jpeg,.jpeg,128,128,L
Test,T72,HB04992.jpeg,.jpeg,128,128,L
Test,T72,HB04993.jpeg,.jpeg,128,128,L
Test,T72,HB04997.jpeg,.jpeg,128,128,L
Test,T72,HB04998.jpeg,.jpeg,128,128,L
Test,T72,HB04999.jpeg,.jpeg,128,128,L
Test,T72,HB05000.jpeg,.jpeg,128,128,L
Test,T72,HB05001.jpeg,.jpeg,128,128,L
Test,T72,HB05002.jpeg,.jpeg,128,128,L
Test,T72,HB05003.jpeg,.jpeg,128,128,L
Test,T72,HB05004.jpeg,.jpeg,128,128,L
Test,T72,HB05006.jpeg,.jpeg,128,128,L
Test,T72,HB05008.jpeg,.jpeg,128,128,L
Test,T72,HB05009.jpeg,.jpeg,128,128,L
Test,T72,HB05011.jpeg,.jpeg,128,128,L
Test,T72,HB05012.jpeg,.jpeg,128,128,L
Test,T72,HB05014.jpeg,.jpeg,128,128,L
Test,T72,HB05015.jpeg,.jpeg,128,128,L
Test,T72,HB05016.jpeg,.jpeg,128,128,L
Test,T72,HB05017.jpeg,.jpeg,128,128,L
Test,T72,HB05019.jpeg,.jpeg,128,128,L
Test,T72,HB05022.jpeg,.jpeg,128,128,L
Test,T72,HB05024.jpeg,.jpeg,128,128,L
Test,T72,HB05025.jpeg,.jpeg,128,128,L
Test,T72,HB05026.jpeg,.jpeg,128,128,L
Test,T72,HB05027.jpeg,.jpeg,128,128,L
Test,T72,HB05028.jpeg,.jpeg,128,128,L
Test,T72,HB05029.jpeg,.jpeg,128,128,L
Test,T72,HB05030.jpeg,.jpeg,128,128,L
Test,T72,HB05032.jpeg,.jpeg,128,128,L
Test,T72,HB05033.jpeg,.jpeg,128,128,L
Test,T72,HB05034.jpeg,.jpeg,128,128,L
Test,T72,HB05035.jpeg,.jpeg,128,128,L
Test,T72,HB05036.jpeg,.jpeg,128,128,L
Test,T72,HB05038.jpeg,.jpeg,128,128,L
Test,T72,HB05040.jpeg,.jpeg,128,128,L
Test,T72,HB05041.jpeg,.jpeg,128,128,L
Test,T72,HB05043.jpeg,.jpeg,128,128,L
Test,T72,HB05609.jpeg,.jpeg,128,128,L
Test,T72,HB05610.jpeg,.jpeg,128,128,L
Test,T72,HB05611.jpeg,.jpeg,128,128,L
Test,T72,HB05612.jpeg,.jpeg,128,128,L
Test,T72,HB05614.jpeg,.jpeg,128,128,L
Test,T72,HB05616.jpeg,.jpeg,128,128,L
Test,T72,HB05618.jpeg,.jpeg,128,128,L
Test,T72,HB05619.jpeg,.jpeg,128,128,L
Test,T72,HB05620.jpeg,.jpeg,128,128,L
Test,T72,HB05629.jpeg,.jpeg,128,128,L
Test,T72,HB05630.jpeg,.jpeg,128,128,L
Test,T72,HB05631.jpeg,.jpeg,128,128,L
Test,T72,HB05632.jpeg,.jpeg,128,128,L
Test,T72,HB05634.jpeg,.jpeg,128,128,L
Test,T72,HB05635.jpeg,.jpeg,128,128,L
Test,T72,HB05637.jpeg,.jpeg,128,128,L
Test,T72,HB05642.jpeg,.jpeg,128,128,L
Test,T72,HB05643.jpeg,.jpeg,128,128,L
Test,T72,HB05647.jpeg,.jpeg,128,128,L
Test,T72,HB05648.jpeg,.jpeg,128,128,L
Test,T72,HB05649.jpeg,.jpeg,128,128,L
Test,T72,HB05650.jpeg,.jpeg,128,128,L
Test,T72,HB05651.jpeg,.jpeg,128,128,L
Test,T72,HB05652.jpeg,.jpeg,128,128,L
Test,T72,HB05653.jpeg,.jpeg,128,128,L
Test,T72,HB05654.jpeg,.jpeg,128,128,L
Test,T72,HB05657.jpeg,.jpeg,128,128,L
Test,T72,HB05658.jpeg,.jpeg,128,128,L
Test,T72,HB05659.jpeg,.jpeg,128,128,L
Test,T72,HB05660.jpeg,.jpeg,128,128,L
Test,T72,HB05661.jpeg,.jpeg,128,128,L
Test,T72,HB05662.jpeg,.jpeg,128,128,L
Test,T72,HB05664.jpeg,.jpeg,128,128,L
Test,T72,HB05665.jpeg,.jpeg,128,128,L
Test,T72,HB05667.jpeg,.jpeg,128,128,L
Test,T72,HB05669.jpeg,.jpeg,128,128,L
Test,T72,HB05670.jpeg,.jpeg,128,128,L
Test,T72,HB05671.jpeg,.jpeg,128,128,L
Test,T72,HB05672.jpeg,.jpeg,128,128,L
Test,T72,HB05674.jpeg,.jpeg,128,128,L
Test,T72,HB05675.jpeg,.jpeg,128,128,L
Test,T72,HB05676.jpeg,.jpeg,128,128,L
Test,T72,HB05677.jpeg,.jpeg,128,128,L
Test,T72,HB05679.jpeg,.jpeg,128,128,L
Test,T72,HB05680.jpeg,.jpeg,128,128,L
Test,T72,HB05681.jpeg,.jpeg,128,128,L
Test,T72,HB05683.jpeg,.jpeg,128,128,L
Test,T72,HB05684.jpeg,.jpeg,128,128,L
Test,ZIL131,HB14931.jpeg,.jpeg,193,192,L
Test,ZIL131,HB14932.jpeg,.jpeg,193,192,L
Test,ZIL131,HB14933.jpeg,.jpeg,193,192,L
Test,ZIL131,HB14934.jpeg,.jpeg,193,192,L
Test,ZIL131,HB14935.jpeg,.jpeg,193,192,L
Test,ZIL131,HB14936.jpeg,.jpeg,193,192,L
Test,ZIL131,HB14937.jpeg,.jpeg,193,192,L
Test,ZIL131,HB14938.jpeg,.jpeg,193,192,L
Test,ZIL131,HB14939.jpeg,.jpeg,193,192,L
Test,ZIL131,HB14940.jpeg,.jpeg,193,192,L
Test,ZIL131,HB14941.jpeg,.jpeg,193,192,L
Test,ZIL131,HB14942.jpeg,.jpeg,193,192,L
Test,ZIL131,HB14943.jpeg,.jpeg,193,192,L
Test,ZIL131,HB14944.jpeg,.jpeg,193,192,L
Test,ZIL131,HB14945.jpeg,.jpeg,193,192,L
Test,ZIL131,HB14946.jpeg,.jpeg,193,192,L
Test,ZIL131,HB14947.jpeg,.jpeg,193,192,L
Test,ZIL131,HB14948.jpeg,.jpeg,193,192,L
Test,ZIL131,HB14950.jpeg,.jpeg,193,192,L
Test,ZIL131,HB14951.jpeg,.jpeg,193,192,L
Test,ZIL131,HB14954.jpeg,.jpeg,193,192,L
Test,ZIL131,HB14955.jpeg,.jpeg,193,192,L
Test,ZIL131,HB14956.jpeg,.jpeg,193,192,L
Test,ZIL131,HB14957.jpeg,.jpeg,193,192,L
Test,ZIL131,HB14958.jpeg,.jpeg,193,192,L
Test,ZIL131,HB14959.jpeg,.jpeg,193,192,L
Test,ZIL131,HB14960.jpeg,.jpeg,193,192,L
Test,ZIL131,HB14961.jpeg,.jpeg,193,192,L
Test,ZIL131,HB14962.jpeg,.jpeg,193,192,L
Test,ZIL131,HB14963.jpeg,.jpeg,193,192,L
Test,ZIL131,HB14964.jpeg,.jpeg,193,192,L
Test,ZIL131,HB14965.jpeg,.jpeg,193,192,L
Test,ZIL131,HB14967.jpeg,.jpeg,193,192,L
Test,ZIL131,HB14968.jpeg,.jpeg,193,192,L
Test,ZIL131,HB14969.jpeg,.jpeg,193,192,L
Test,ZIL131,HB14970.jpeg,.jpeg,193,192,L
Test,ZIL131,HB14971.jpeg,.jpeg,193,192,L
Test,ZIL131,HB14972.jpeg,.jpeg,193,192,L
Test,ZIL131,HB14973.jpeg,.jpeg,193,192,L
Test,ZIL131,HB14974.jpeg,.jpeg,193,192,L
Test,ZIL131,HB14975.jpeg,.jpeg,193,192,L
Test,ZIL131,HB14976.jpeg,.jpeg,193,192,L
Test,ZIL131,HB14977.jpeg,.jpeg,193,192,L
Test,ZIL131,HB14978.jpeg,.jpeg,193,192,L
Test,ZIL131,HB14979.jpeg,.jpeg,193,192,L
Test,ZIL131,HB14980.jpeg,.jpeg,193,192,L
Test,ZIL131,HB14981.jpeg,.jpeg,193,192,L
Test,ZIL131,HB14982.jpeg,.jpeg,193,192,L
Test,ZIL131,HB14983.jpeg,.jpeg,193,192,L
Test,ZIL131,HB14984.jpeg,.jpeg,193,192,L
Test,ZIL131,HB14986.jpeg,.jpeg,193,192,L
Test,ZIL131,HB14987.jpeg,.jpeg,193,192,L
Test,ZIL131,HB14990.jpeg,.jpeg,193,192,L
Test,ZIL131,HB14991.jpeg,.jpeg,193,192,L
Test,ZIL131,HB14992.jpeg,.jpeg,193,192,L
Test,ZIL131,HB14993.jpeg,.jpeg,193,192,L
Test,ZIL131,HB14994.jpeg,.jpeg,193,192,L
Test,ZIL131,HB14995.jpeg,.jpeg,193,192,L
Test,ZIL131,HB14997.jpeg,.jpeg,193,192,L
Test,ZIL131,HB14998.jpeg,.jpeg,193,192,L
Test,ZIL131,HB14999.jpeg,.jpeg,193,192,L
Test,ZIL131,HB15000.jpeg,.jpeg,193,192,L
Test,ZIL131,HB15001.jpeg,.jpeg,193,192,L
Test,ZIL131,HB15002.jpeg,.jpeg,193,192,L
Test,ZIL131,HB15003.jpeg,.jpeg,193,192,L
Test,ZIL131,HB15004.jpeg,.jpeg,193,192,L
Test,ZIL131,HB15005.jpeg,.jpeg,193,192,L
Test,ZIL131,HB15006.jpeg,.jpeg,193,192,L
Test,ZIL131,HB15008.jpeg,.jpeg,193,192,L
Test,ZIL131,HB15009.jpeg,.jpeg,193,192,L
Test,ZIL131,HB15010.jpeg,.jpeg,193,192,L
Test,ZIL131,HB15011.jpeg,.jpeg,193,192,L
Test,ZIL131,HB15012.jpeg,.jpeg,193,192,L
Test,ZIL131,HB15013.jpeg,.jpeg,193,192,L
Test,ZIL131,HB15014.jpeg,.jpeg,193,192,L
Test,ZIL131,HB15015.jpeg,.jpeg,193,192,L
Test,ZIL131,HB15016.jpeg,.jpeg,193,192,L
Test,ZIL131,HB15017.jpeg,.jpeg,193,192,L
Test,ZIL131,HB15018.jpeg,.jpeg,193,192,L
Test,ZIL131,HB15019.jpeg,.jpeg,193,192,L
Test,ZIL131,HB15020.jpeg,.jpeg,193,192,L
Test,ZIL131,HB15021.jpeg,.jpeg,193,192,L
Test,ZIL131,HB15022.jpeg,.jpeg,193,192,L
Test,ZIL131,HB15025.jpeg,.jpeg,193,192,L
Test,ZIL131,HB15026.jpeg,.jpeg,193,192,L
Test,ZIL131,HB15027.jpeg,.jpeg,193,192,L
Test,ZIL131,HB15028.jpeg,.jpeg,193,192,L
Test,ZIL131,HB15029.jpeg,.jpeg,193,192,L
Test,ZIL131,HB15030.jpeg,.jpeg,193,192,L
Test,ZIL131,HB15031.jpeg,.jpeg,193,192,L
Test,ZIL131,HB15032.jpeg,.jpeg,193,192,L
Test,ZIL131,HB15033.jpeg,.jpeg,193,192,L
Test,ZIL131,HB15034.jpeg,.jpeg,193,192,L
Test,ZIL131,HB15036.jpeg,.jpeg,193,192,L
Test,ZIL131,HB15037.jpeg,.jpeg,193,192,L
Test,ZIL131,HB15038.jpeg,.jpeg,193,192,L
Test,ZIL131,HB15039.jpeg,.jpeg,193,192,L
Test,ZIL131,HB15041.jpeg,.jpeg,193,192,L
Test,ZIL131,HB15042.jpeg,.jpeg,193,192,L
Test,ZIL131,HB15043.jpeg,.jpeg,193,192,L
Test,ZIL131,HB15044.jpeg,.jpeg,193,192,L
Test,ZIL131,HB15045.jpeg,.jpeg,193,192,L
Test,ZIL131,HB15046.jpeg,.jpeg,193,192,L
Test,ZIL131,HB15047.jpeg,.jpeg,193,192,L
Test,ZIL131,HB15048.jpeg,.jpeg,193,192,L
Test,ZIL131,HB15049.jpeg,.jpeg,193,192,L
Test,ZIL131,HB15050.jpeg,.jpeg,193,192,L
Test,ZIL131,HB15051.jpeg,.jpeg,193,192,L
Test,ZIL131,HB15052.jpeg,.jpeg,193,192,L
Test,ZIL131,HB15054.jpeg,.jpeg,193,192,L
Test,ZIL131,HB15055.jpeg,.jpeg,193,192,L
Test,ZIL131,HB15056.jpeg,.jpeg,193,192,L
Test,ZIL131,HB15057.jpeg,.jpeg,193,192,L
Test,ZIL131,HB15060.jpeg,.jpeg,193,192,L
Test,ZIL131,HB15062.jpeg,.jpeg,193,192,L
Test,ZIL131,HB15063.jpeg,.jpeg,193,192,L
Test,ZIL131,HB15064.jpeg,.jpeg,193,192,L
Test,ZIL131,HB15065.jpeg,.jpeg,193,192,L
Test,ZIL131,HB15066.jpeg,.jpeg,193,192,L
Test,ZIL131,HB15067.jpeg,.jpeg,193,192,L
Test,ZIL131,HB15068.jpeg,.jpeg,193,192,L
Test,ZIL131,HB15069.jpeg,.jpeg,193,192,L
Test,ZIL131,HB15070.jpeg,.jpeg,193,192,L
Test,ZIL131,HB15072.jpeg,.jpeg,193,192,L
Test,ZIL131,HB15073.jpeg,.jpeg,193,192,L
Test,ZIL131,HB15074.jpeg,.jpeg,193,192,L
Test,ZIL131,HB15075.jpeg,.jpeg,193,192,L
Test,ZIL131,HB15076.jpeg,.jpeg,193,192,L
Test,ZIL131,HB15077.jpeg,.jpeg,193,192,L
Test,ZIL131,HB15078.jpeg,.jpeg,193,192,L
Test,ZIL131,HB15079.jpeg,.jpeg,193,192,L
Test,ZIL131,HB15080.jpeg,.jpeg,193,192,L
Test,ZIL131,HB15082.jpeg,.jpeg,193,192,L
Test,ZIL131,HB15083.jpeg,.jpeg,193,192,L
Test,ZIL131,HB15084.jpeg,.jpeg,193,192,L
Test,ZIL131,HB15085.jpeg,.jpeg,193,192,L
Test,ZIL131,HB15086.jpeg,.jpeg,193,192,L
Test,ZIL131,HB15087.jpeg,.jpeg,193,192,L
Test,ZIL131,HB15088.jpeg,.jpeg,193,192,L
Test,ZIL131,HB15090.jpeg,.jpeg,193,192,L
Test,ZIL131,HB15091.jpeg,.jpeg,193,192,L
Test,ZIL131,HB15092.jpeg,.jpeg,193,192,L
Test,ZIL131,HB15096.jpeg,.jpeg,193,192,L
Test,ZIL131,HB15097.jpeg,.jpeg,193,192,L
Test,ZIL131,HB15098.jpeg,.jpeg,193,192,L
Test,ZIL131,HB15100.jpeg,.jpeg,193,192,L
Test,ZIL131,HB15101.jpeg,.jpeg,193,192,L
Test,ZIL131,HB15102.jpeg,.jpeg,193,192,L
Test,ZIL131,HB15103.jpeg,.jpeg,193,192,L
Test,ZIL131,HB15104.jpeg,.jpeg,193,192,L
Test,ZIL131,HB15106.jpeg,.jpeg,193,192,L
Test,ZIL131,HB15108.jpeg,.jpeg,193,192,L
Test,ZIL131,HB15109.jpeg,.jpeg,193,192,L
Test,ZIL131,HB15111.jpeg,.jpeg,193,192,L
Test,ZIL131,HB15112.jpeg,.jpeg,193,192,L
Test,ZIL131,HB15113.jpeg,.jpeg,193,192,L
Test,ZIL131,HB15114.jpeg,.jpeg,193,192,L
Test,ZIL131,HB15115.jpeg,.jpeg,193,192,L
Test,ZIL131,HB15116.jpeg,.jpeg,193,192,L
Test,ZIL131,HB15117.jpeg,.jpeg,193,192,L
Test,ZIL131,HB15118.jpeg,.jpeg,193,192,L
Test,ZIL131,HB15119.jpeg,.jpeg,193,192,L
Test,ZIL131,HB15120.jpeg,.jpeg,193,192,L
Test,ZIL131,HB15121.jpeg,.jpeg,193,192,L
Test,ZIL131,HB15122.jpeg,.jpeg,193,192,L
Test,ZIL131,HB15123.jpeg,.jpeg,193,192,L
Test,ZIL131,HB15124.jpeg,.jpeg,193,192,L
Test,ZIL131,HB15125.jpeg,.jpeg,193,192,L
Test,ZIL131,HB15129.jpeg,.jpeg,193,192,L
Test,ZIL131,HB15130.jpeg,.jpeg,193,192,L
Test,ZIL131,HB15132.jpeg,.jpeg,193,192,L
Test,ZIL131,HB15134.jpeg,.jpeg,193,192,L
Test,ZIL131,HB15135.jpeg,.jpeg,193,192,L
Test,ZIL131,HB15136.jpeg,.jpeg,193,192,L
Test,ZIL131,HB15138.jpeg,.jpeg,193,192,L
Test,ZIL131,HB15139.jpeg,.jpeg,193,192,L
Test,ZIL131,HB15140.jpeg,.jpeg,193,192,L
Test,ZIL131,HB15141.jpeg,.jpeg,193,192,L
Test,ZIL131,HB15142.jpeg,.jpeg,193,192,L
Test,ZIL131,HB15143.jpeg,.jpeg,193,192,L
Test,ZIL131,HB15144.jpeg,.jpeg,193,192,L
Test,ZIL131,HB15145.jpeg,.jpeg,193,192,L
Test,ZIL131,HB15146.jpeg,.jpeg,193,192,L
Test,ZIL131,HB15147.jpeg,.jpeg,193,192,L
Test,ZIL131,HB15148.jpeg,.jpeg,193,192,L
Test,ZIL131,HB15150.jpeg,.jpeg,193,192,L
Test,ZIL131,HB15151.jpeg,.jpeg,193,192,L
Test,ZIL131,HB15152.jpeg,.jpeg,193,192,L
Test,ZIL131,HB15154.jpeg,.jpeg,193,192,L
Test,ZIL131,HB15156.jpeg,.jpeg,193,192,L
Test,ZIL131,HB15157.jpeg,.jpeg,193,192,L
Test,ZIL131,HB15158.jpeg,.jpeg,193,192,L
Test,ZIL131,HB15161.jpeg,.jpeg,193,192,L
Test,ZIL131,HB15162.jpeg,.jpeg,193,192,L
Test,ZIL131,HB15163.jpeg,.jpeg,193,192,L
Test,ZIL131,HB15165.jpeg,.jpeg,193,192,L
Test,ZIL131,HB15166.jpeg,.jpeg,193,192,L
Test,ZIL131,HB15168.jpeg,.jpeg,193,192,L
Test,ZIL131,HB15169.jpeg,.jpeg,193,192,L
Test,ZIL131,HB15175.jpeg,.jpeg,193,192,L
Test,ZIL131,HB15176.jpeg,.jpeg,193,192,L
Test,ZIL131,HB15177.jpeg,.jpeg,193,192,L
Test,ZIL131,HB15178.jpeg,.jpeg,193,192,L
Test,ZIL131,HB15179.jpeg,.jpeg,193,192,L
Test,ZIL131,HB15180.jpeg,.jpeg,193,192,L
Test,ZIL131,HB15181.jpeg,.jpeg,193,192,L
Test,ZIL131,HB15182.jpeg,.jpeg,193,192,L
Test,ZIL131,HB15184.jpeg,.jpeg,193,192,L
Test,ZIL131,HB15185.jpeg,.jpeg,193,192,L
Test,ZIL131,HB15186.jpeg,.jpeg,193,192,L
Test,ZIL131,HB15190.jpeg,.jpeg,193,192,L
Test,ZIL131,HB15191.jpeg,.jpeg,193,192,L
Test,ZIL131,HB15192.jpeg,.jpeg,193,192,L
Test,ZIL131,HB15193.jpeg,.jpeg,193,192,L
Test,ZIL131,HB15194.jpeg,.jpeg,193,192,L
Test,ZIL131,HB15195.jpeg,.jpeg,193,192,L
Test,ZIL131,HB15196.jpeg,.jpeg,193,192,L
Test,ZIL131,HB15197.jpeg,.jpeg,193,192,L
Test,ZIL131,HB15198.jpeg,.jpeg,193,192,L
Test,ZIL131,HB15199.jpeg,.jpeg,193,192,L
Test,ZIL131,HB15201.jpeg,.jpeg,193,192,L
Test,ZIL131,HB15202.jpeg,.jpeg,193,192,L
Test,ZIL131,HB15203.jpeg,.jpeg,193,192,L
Test,ZIL131,HB15206.jpeg,.jpeg,193,192,L
Test,ZIL131,HB15207.jpeg,.jpeg,193,192,L
Test,ZIL131,HB15208.jpeg,.jpeg,193,192,L
Test,ZIL131,HB15209.jpeg,.jpeg,193,192,L
Test,ZIL131,HB15210.jpeg,.jpeg,193,192,L
Test,ZIL131,HB15211.jpeg,.jpeg,193,192,L
Test,ZIL131,HB15212.jpeg,.jpeg,193,192,L
Test,ZIL131,HB15214.jpeg,.jpeg,193,192,L
Test,ZIL131,HB15216.jpeg,.jpeg,193,192,L
Test,ZIL131,HB15217.jpeg,.jpeg,193,192,L
Test,ZIL131,HB15218.jpeg,.jpeg,193,192,L
Test,ZIL131,HB15220.jpeg,.jpeg,193,192,L
Test,ZIL131,HB15221.jpeg,.jpeg,193,192,L
Test,ZIL131,HB15223.jpeg,.jpeg,193,192,L
Test,ZIL131,HB15224.jpeg,.jpeg,193,192,L
Test,ZIL131,HB15227.jpeg,.jpeg,193,192,L
Test,ZIL131,HB15229.jpeg,.jpeg,193,192,L
Test,ZIL131,HB15230.jpeg,.jpeg,193,192,L
Test,ZIL131,HB15231.jpeg,.jpeg,193,192,L
Test,ZIL131,HB15232.jpeg,.jpeg,193,192,L
Test,ZIL131,HB15233.jpeg,.jpeg,193,192,L
Test,ZIL131,HB15235.jpeg,.jpeg,193,192,L
Test,ZIL131,HB15236.jpeg,.jpeg,193,192,L
Test,ZIL131,HB15237.jpeg,.jpeg,193,192,L
Test,ZIL131,HB15238.jpeg,.jpeg,193,192,L
Test,ZIL131,HB15239.jpeg,.jpeg,193,192,L
Test,ZIL131,HB15240.jpeg,.jpeg,193,192,L
Test,ZIL131,HB15241.jpeg,.jpeg,193,192,L
Test,ZIL131,HB15242.jpeg,.jpeg,193,192,L
Test,ZIL131,HB15243.jpeg,.jpeg,193,192,L
Test,ZIL131,HB15244.jpeg,.jpeg,193,192,L
Test,ZIL131,HB15245.jpeg,.jpeg,193,192,L
Test,ZIL131,HB15246.jpeg,.jpeg,193,192,L
Test,ZIL131,HB15247.jpeg,.jpeg,193,192,L
Test,ZIL131,HB15248.jpeg,.jpeg,193,192,L
Test,ZIL131,HB15251.jpeg,.jpeg,193,192,L
Test,ZIL131,HB15252.jpeg,.jpeg,193,192,L
Test,ZIL131,HB15254.jpeg,.jpeg,193,192,L
Test,ZIL131,HB15255.jpeg,.jpeg,193,192,L
Test,ZIL131,HB15256.jpeg,.jpeg,193,192,L
Test,ZIL131,HB15257.jpeg,.jpeg,193,192,L
Test,ZIL131,HB15258.jpeg,.jpeg,193,192,L
Test,ZIL131,HB15259.jpeg,.jpeg,193,192,L
Test,ZIL131,HB15260.jpeg,.jpeg,193,192,L
Test,ZIL131,HB15261.jpeg,.jpeg,193,192,L
Test,ZIL131,HB15262.jpeg,.jpeg,193,192,L
Test,ZIL131,HB15263.jpeg,.jpeg,193,192,L
Test,ZIL131,HB15264.jpeg,.jpeg,193,192,L
Test,ZIL131,HB15265.jpeg,.jpeg,193,192,L
Test,ZIL131,HB15266.jpeg,.jpeg,193,192,L
Test,ZIL131,HB15267.jpeg,.jpeg,193,192,L
Test,ZSU_23_4,HB14931.jpeg,.jpeg,158,158,L
Test,ZSU_23_4,HB14932.jpeg,.jpeg,158,158,L
Test,ZSU_23_4,HB14933.jpeg,.jpeg,158,158,L
Test,ZSU_23_4,HB14934.jpeg,.jpeg,158,158,L
Test,ZSU_23_4,HB14935.jpeg,.jpeg,158,158,L
Test,ZSU_23_4,HB14936.jpeg,.jpeg,158,158,L
Test,ZSU_23_4,HB14937.jpeg,.jpeg,158,158,L
Test,ZSU_23_4,HB14938.jpeg,.jpeg,158,158,L
Test,ZSU_23_4,HB14939.jpeg,.jpeg,158,158,L
Test,ZSU_23_4,HB14940.jpeg,.jpeg,158,158,L
Test,ZSU_23_4,HB14941.jpeg,.jpeg,158,158,L
Test,ZSU_23_4,HB14942.jpeg,.jpeg,158,158,L
Test,ZSU_23_4,HB14943.jpeg,.jpeg,158,158,L
Test,ZSU_23_4,HB14944.jpeg,.jpeg,158,158,L
Test,ZSU_23_4,HB14945.jpeg,.jpeg,158,158,L
Test,ZSU_23_4,HB14946.jpeg,.jpeg,158,158,L
Test,ZSU_23_4,HB14947.jpeg,.jpeg,158,158,L
Test,ZSU_23_4,HB14948.jpeg,.jpeg,158,158,L
Test,ZSU_23_4,HB14950.jpeg,.jpeg,158,158,L
Test,ZSU_23_4,HB14951.jpeg,.jpeg,158,158,L
Test,ZSU_23_4,HB14954.jpeg,.jpeg,158,158,L
Test,ZSU_23_4,HB14955.jpeg,.jpeg,158,158,L
Test,ZSU_23_4,HB14956.jpeg,.jpeg,158,158,L
Test,ZSU_23_4,HB14957.jpeg,.jpeg,158,158,L
Test,ZSU_23_4,HB14958.jpeg,.jpeg,158,158,L
Test,ZSU_23_4,HB14959.jpeg,.jpeg,158,158,L
Test,ZSU_23_4,HB14960.jpeg,.jpeg,158,158,L
Test,ZSU_23_4,HB14961.jpeg,.jpeg,158,158,L
Test,ZSU_23_4,HB14962.jpeg,.jpeg,158,158,L
Test,ZSU_23_4,HB14963.jpeg,.jpeg,158,158,L
Test,ZSU_23_4,HB14964.jpeg,.jpeg,158,158,L
Test,ZSU_23_4,HB14965.jpeg,.jpeg,158,158,L
Test,ZSU_23_4,HB14967.jpeg,.jpeg,158,158,L
Test,ZSU_23_4,HB14968.jpeg,.jpeg,158,158,L
Test,ZSU_23_4,HB14969.jpeg,.jpeg,158,158,L
Test,ZSU_23_4,HB14970.jpeg,.jpeg,158,158,L
Test,ZSU_23_4,HB14971.jpeg,.jpeg,158,158,L
Test,ZSU_23_4,HB14972.jpeg,.jpeg,158,158,L
Test,ZSU_23_4,HB14973.jpeg,.jpeg,158,158,L
Test,ZSU_23_4,HB14974.jpeg,.jpeg,158,158,L
Test,ZSU_23_4,HB14975.jpeg,.jpeg,158,158,L
Test,ZSU_23_4,HB14976.jpeg,.jpeg,158,158,L
Test,ZSU_23_4,HB14977.jpeg,.jpeg,158,158,L
Test,ZSU_23_4,HB14978.jpeg,.jpeg,158,158,L
Test,ZSU_23_4,HB14979.jpeg,.jpeg,158,158,L
Test,ZSU_23_4,HB14980.jpeg,.jpeg,158,158,L
Test,ZSU_23_4,HB14981.jpeg,.jpeg,158,158,L
Test,ZSU_23_4,HB14982.jpeg,.jpeg,158,158,L
Test,ZSU_23_4,HB14983.jpeg,.jpeg,158,158,L
Test,ZSU_23_4,HB14984.jpeg,.jpeg,158,158,L
Test,ZSU_23_4,HB14986.jpeg,.jpeg,158,158,L
Test,ZSU_23_4,HB14987.jpeg,.jpeg,158,158,L
Test,ZSU_23_4,HB14990.jpeg,.jpeg,158,158,L
Test,ZSU_23_4,HB14991.jpeg,.jpeg,158,158,L
Test,ZSU_23_4,HB14992.jpeg,.jpeg,158,158,L
Test,ZSU_23_4,HB14993.jpeg,.jpeg,158,158,L
Test,ZSU_23_4,HB14994.jpeg,.jpeg,158,158,L
Test,ZSU_23_4,HB14995.jpeg,.jpeg,158,158,L
Test,ZSU_23_4,HB14997.jpeg,.jpeg,158,158,L
Test,ZSU_23_4,HB14998.jpeg,.jpeg,158,158,L
Test,ZSU_23_4,HB14999.jpeg,.jpeg,158,158,L
Test,ZSU_23_4,HB15000.jpeg,.jpeg,158,158,L
Test,ZSU_23_4,HB15001.jpeg,.jpeg,158,158,L
Test,ZSU_23_4,HB15002.jpeg,.jpeg,158,158,L
Test,ZSU_23_4,HB15003.jpeg,.jpeg,158,158,L
Test,ZSU_23_4,HB15004.jpeg,.jpeg,158,158,L
Test,ZSU_23_4,HB15005.jpeg,.jpeg,158,158,L
Test,ZSU_23_4,HB15006.jpeg,.jpeg,158,158,L
Test,ZSU_23_4,HB15008.jpeg,.jpeg,158,158,L
Test,ZSU_23_4,HB15009.jpeg,.jpeg,158,158,L
Test,ZSU_23_4,HB15010.jpeg,.jpeg,158,158,L
Test,ZSU_23_4,HB15011.jpeg,.jpeg,158,158,L
Test,ZSU_23_4,HB15012.jpeg,.jpeg,158,158,L
Test,ZSU_23_4,HB15013.jpeg,.jpeg,158,158,L
Test,ZSU_23_4,HB15014.jpeg,.jpeg,158,158,L
Test,ZSU_23_4,HB15015.jpeg,.jpeg,158,158,L
Test,ZSU_23_4,HB15016.jpeg,.jpeg,158,158,L
Test,ZSU_23_4,HB15017.jpeg,.jpeg,158,158,L
Test,ZSU_23_4,HB15018.jpeg,.jpeg,158,158,L
Test,ZSU_23_4,HB15019.jpeg,.jpeg,158,158,L
Test,ZSU_23_4,HB15020.jpeg,.jpeg,158,158,L
Test,ZSU_23_4,HB15021.jpeg,.jpeg,158,158,L
Test,ZSU_23_4,HB15022.jpeg,.jpeg,158,158,L
Test,ZSU_23_4,HB15025.jpeg,.jpeg,158,158,L
Test,ZSU_23_4,HB15026.jpeg,.jpeg,158,158,L
Test,ZSU_23_4,HB15027.jpeg,.jpeg,158,158,L
Test,ZSU_23_4,HB15028.jpeg,.jpeg,158,158,L
Test,ZSU_23_4,HB15029.jpeg,.jpeg,158,158,L
Test,ZSU_23_4,HB15030.jpeg,.jpeg,158,158,L
Test,ZSU_23_4,HB15031.jpeg,.jpeg,158,158,L
Test,ZSU_23_4,HB15032.jpeg,.jpeg,158,158,L
Test,ZSU_23_4,HB15033.jpeg,.jpeg,158,158,L
Test,ZSU_23_4,HB15034.jpeg,.jpeg,158,158,L
Test,ZSU_23_4,HB15036.jpeg,.jpeg,158,158,L
Test,ZSU_23_4,HB15037.jpeg,.jpeg,158,158,L
Test,ZSU_23_4,HB15038.jpeg,.jpeg,158,158,L
Test,ZSU_23_4,HB15039.jpeg,.jpeg,158,158,L
Test,ZSU_23_4,HB15041.jpeg,.jpeg,158,158,L
Test,ZSU_23_4,HB15042.jpeg,.jpeg,158,158,L
Test,ZSU_23_4,HB15043.jpeg,.jpeg,158,158,L
Test,ZSU_23_4,HB15044.jpeg,.jpeg,158,158,L
Test,ZSU_23_4,HB15045.jpeg,.jpeg,158,158,L
Test,ZSU_23_4,HB15046.jpeg,.jpeg,158,158,L
Test,ZSU_23_4,HB15047.jpeg,.jpeg,158,158,L
Test,ZSU_23_4,HB15048.jpeg,.jpeg,158,158,L
Test,ZSU_23_4,HB15049.jpeg,.jpeg,158,158,L
Test,ZSU_23_4,HB15050.jpeg,.jpeg,158,158,L
Test,ZSU_23_4,HB15051.jpeg,.jpeg,158,158,L
Test,ZSU_23_4,HB15052.jpeg,.jpeg,158,158,L
Test,ZSU_23_4,HB15054.jpeg,.jpeg,158,158,L
Test,ZSU_23_4,HB15055.jpeg,.jpeg,158,158,L
Test,ZSU_23_4,HB15056.jpeg,.jpeg,158,158,L
Test,ZSU_23_4,HB15057.jpeg,.jpeg,158,158,L
Test,ZSU_23_4,HB15060.jpeg,.jpeg,158,158,L
Test,ZSU_23_4,HB15062.jpeg,.jpeg,158,158,L
Test,ZSU_23_4,HB15063.jpeg,.jpeg,158,158,L
Test,ZSU_23_4,HB15064.jpeg,.jpeg,158,158,L
Test,ZSU_23_4,HB15065.jpeg,.jpeg,158,158,L
Test,ZSU_23_4,HB15066.jpeg,.jpeg,158,158,L
Test,ZSU_23_4,HB15067.jpeg,.jpeg,158,158,L
Test,ZSU_23_4,HB15068.jpeg,.jpeg,158,158,L
Test,ZSU_23_4,HB15069.jpeg,.jpeg,158,158,L
Test,ZSU_23_4,HB15070.jpeg,.jpeg,158,158,L
Test,ZSU_23_4,HB15072.jpeg,.jpeg,158,158,L
Test,ZSU_23_4,HB15073.jpeg,.jpeg,158,158,L
Test,ZSU_23_4,HB15074.jpeg,.jpeg,158,158,L
Test,ZSU_23_4,HB15075.jpeg,.jpeg,158,158,L
Test,ZSU_23_4,HB15076.jpeg,.jpeg,158,158,L
Test,ZSU_23_4,HB15077.jpeg,.jpeg,158,158,L
Test,ZSU_23_4,HB15078.jpeg,.jpeg,158,158,L
Test,ZSU_23_4,HB15079.jpeg,.jpeg,158,158,L
Test,ZSU_23_4,HB15080.jpeg,.jpeg,158,158,L
Test,ZSU_23_4,HB15082.jpeg,.jpeg,158,158,L
Test,ZSU_23_4,HB15083.jpeg,.jpeg,158,158,L
Test,ZSU_23_4,HB15084.jpeg,.jpeg,158,158,L
Test,ZSU_23_4,HB15085.jpeg,.jpeg,158,158,L
Test,ZSU_23_4,HB15086.jpeg,.jpeg,158,158,L
Test,ZSU_23_4,HB15087.jpeg,.jpeg,158,158,L
Test,ZSU_23_4,HB15088.jpeg,.jpeg,158,158,L
Test,ZSU_23_4,HB15090.jpeg,.jpeg,158,158,L
Test,ZSU_23_4,HB15091.jpeg,.jpeg,158,158,L
Test,ZSU_23_4,HB15092.jpeg,.jpeg,158,158,L
Test,ZSU_23_4,HB15096.jpeg,.jpeg,158,158,L
Test,ZSU_23_4,HB15097.jpeg,.jpeg,158,158,L
Test,ZSU_23_4,HB15098.jpeg,.jpeg,158,158,L
Test,ZSU_23_4,HB15100.jpeg,.jpeg,158,158,L
Test,ZSU_23_4,HB15101.jpeg,.jpeg,158,158,L
Test,ZSU_23_4,HB15102.jpeg,.jpeg,158,158,L
Test,ZSU_23_4,HB15103.jpeg,.jpeg,158,158,L
Test,ZSU_23_4,HB15104.jpeg,.jpeg,158,158,L
Test,ZSU_23_4,HB15106.jpeg,.jpeg,158,158,L
Test,ZSU_23_4,HB15108.jpeg,.jpeg,158,158,L
Test,ZSU_23_4,HB15109.jpeg,.jpeg,158,158,L
Test,ZSU_23_4,HB15111.jpeg,.jpeg,158,158,L
Test,ZSU_23_4,HB15112.jpeg,.jpeg,158,158,L
Test,ZSU_23_4,HB15113.jpeg,.jpeg,158,158,L
Test,ZSU_23_4,HB15114.jpeg,.jpeg,158,158,L
Test,ZSU_23_4,HB15115.jpeg,.jpeg,158,158,L
Test,ZSU_23_4,HB15116.jpeg,.jpeg,158,158,L
Test,ZSU_23_4,HB15117.jpeg,.jpeg,158,158,L
Test,ZSU_23_4,HB15118.jpeg,.jpeg,158,158,L
Test,ZSU_23_4,HB15119.jpeg,.jpeg,158,158,L
Test,ZSU_23_4,HB15120.jpeg,.jpeg,158,158,L
Test,ZSU_23_4,HB15121.jpeg,.jpeg,158,158,L
Test,ZSU_23_4,HB15122.jpeg,.jpeg,158,158,L
Test,ZSU_23_4,HB15123.jpeg,.jpeg,158,158,L
Test,ZSU_23_4,HB15124.jpeg,.jpeg,158,158,L
Test,ZSU_23_4,HB15125.jpeg,.jpeg,158,158,L
Test,ZSU_23_4,HB15129.jpeg,.jpeg,158,158,L
Test,ZSU_23_4,HB15130.jpeg,.jpeg,158,158,L
Test,ZSU_23_4,HB15132.jpeg,.jpeg,158,158,L
Test,ZSU_23_4,HB15134.jpeg,.jpeg,158,158,L
Test,ZSU_23_4,HB15135.jpeg,.jpeg,158,158,L
Test,ZSU_23_4,HB15136.jpeg,.jpeg,158,158,L
Test,ZSU_23_4,HB15138.jpeg,.jpeg,158,158,L
Test,ZSU_23_4,HB15139.jpeg,.jpeg,158,158,L
Test,ZSU_23_4,HB15140.jpeg,.jpeg,158,158,L
Test,ZSU_23_4,HB15141.jpeg,.jpeg,158,158,L
Test,ZSU_23_4,HB15142.jpeg,.jpeg,158,158,L
Test,ZSU_23_4,HB15143.jpeg,.jpeg,158,158,L
Test,ZSU_23_4,HB15144.jpeg,.jpeg,158,158,L
Test,ZSU_23_4,HB15145.jpeg,.jpeg,158,158,L
Test,ZSU_23_4,HB15146.jpeg,.jpeg,158,158,L
Test,ZSU_23_4,HB15147.jpeg,.jpeg,158,158,L
Test,ZSU_23_4,HB15148.jpeg,.jpeg,158,158,L
Test,ZSU_23_4,HB15150.jpeg,.jpeg,158,158,L
Test,ZSU_23_4,HB15151.jpeg,.jpeg,158,158,L
Test,ZSU_23_4,HB15152.jpeg,.jpeg,158,158,L
Test,ZSU_23_4,HB15154.jpeg,.jpeg,158,158,L
Test,ZSU_23_4,HB15156.jpeg,.jpeg,158,158,L
Test,ZSU_23_4,HB15157.jpeg,.jpeg,158,158,L
Test,ZSU_23_4,HB15158.jpeg,.jpeg,158,158,L
Test,ZSU_23_4,HB15161.jpeg,.jpeg,158,158,L
Test,ZSU_23_4,HB15162.jpeg,.jpeg,158,158,L
Test,ZSU_23_4,HB15163.jpeg,.jpeg,158,158,L
Test,ZSU_23_4,HB15165.jpeg,.jpeg,158,158,L
Test,ZSU_23_4,HB15166.jpeg,.jpeg,158,158,L
Test,ZSU_23_4,HB15168.jpeg,.jpeg,158,158,L
Test,ZSU_23_4,HB15169.jpeg,.jpeg,158,158,L
Test,ZSU_23_4,HB15175.jpeg,.jpeg,158,158,L
Test,ZSU_23_4,HB15176.jpeg,.jpeg,158,158,L
Test,ZSU_23_4,HB15177.jpeg,.jpeg,158,158,L
Test,ZSU_23_4,HB15178.jpeg,.jpeg,158,158,L
Test,ZSU_23_4,HB15179.jpeg,.jpeg,158,158,L
Test,ZSU_23_4,HB15180.jpeg,.jpeg,158,158,L
Test,ZSU_23_4,HB15181.jpeg,.jpeg,158,158,L
Test,ZSU_23_4,HB15182.jpeg,.jpeg,158,158,L
Test,ZSU_23_4,HB15184.jpeg,.jpeg,158,158,L
Test,ZSU_23_4,HB15185.jpeg,.jpeg,158,158,L
Test,ZSU_23_4,HB15186.jpeg,.jpeg,158,158,L
Test,ZSU_23_4,HB15190.jpeg,.jpeg,158,158,L
Test,ZSU_23_4,HB15191.jpeg,.jpeg,158,158,L
Test,ZSU_23_4,HB15192.jpeg,.jpeg,158,158,L
Test,ZSU_23_4,HB15193.jpeg,.jpeg,158,158,L
Test,ZSU_23_4,HB15194.jpeg,.jpeg,158,158,L
Test,ZSU_23_4,HB15195.jpeg,.jpeg,158,158,L
Test,ZSU_23_4,HB15196.jpeg,.jpeg,158,158,L
Test,ZSU_23_4,HB15197.jpeg,.jpeg,158,158,L
Test,ZSU_23_4,HB15198.jpeg,.jpeg,158,158,L
Test,ZSU_23_4,HB15199.jpeg,.jpeg,158,158,L
Test,ZSU_23_4,HB15201.jpeg,.jpeg,158,158,L
Test,ZSU_23_4,HB15202.jpeg,.jpeg,158,158,L
Test,ZSU_23_4,HB15203.jpeg,.jpeg,158,158,L
Test,ZSU_23_4,HB15206.jpeg,.jpeg,158,158,L
Test,ZSU_23_4,HB15207.jpeg,.jpeg,158,158,L
Test,ZSU_23_4,HB15208.jpeg,.jpeg,158,158,L
Test,ZSU_23_4,HB15209.jpeg,.jpeg,158,158,L
Test,ZSU_23_4,HB15210.jpeg,.jpeg,158,158,L
Test,ZSU_23_4,HB15211.jpeg,.jpeg,158,158,L
Test,ZSU_23_4,HB15212.jpeg,.jpeg,158,158,L
Test,ZSU_23_4,HB15214.jpeg,.jpeg,158,158,L
Test,ZSU_23_4,HB15216.jpeg,.jpeg,158,158,L
Test,ZSU_23_4,HB15217.jpeg,.jpeg,158,158,L
Test,ZSU_23_4,HB15218.jpeg,.jpeg,158,158,L
Test,ZSU_23_4,HB15220.jpeg,.jpeg,158,158,L
Test,ZSU_23_4,HB15221.jpeg,.jpeg,158,158,L
Test,ZSU_23_4,HB15223.jpeg,.jpeg,158,158,L
Test,ZSU_23_4,HB15224.jpeg,.jpeg,158,158,L
Test,ZSU_23_4,HB15227.jpeg,.jpeg,158,158,L
Test,ZSU_23_4,HB15229.jpeg,.jpeg,158,158,L
Test,ZSU_23_4,HB15230.jpeg,.jpeg,158,158,L
Test,ZSU_23_4,HB15231.jpeg,.jpeg,158,158,L
Test,ZSU_23_4,HB15232.jpeg,.jpeg,158,158,L
Test,ZSU_23_4,HB15233.jpeg,.jpeg,158,158,L
Test,ZSU_23_4,HB15235.jpeg,.jpeg,158,158,L
Test,ZSU_23_4,HB15236.jpeg,.jpeg,158,158,L
Test,ZSU_23_4,HB15237.jpeg,.jpeg,158,158,L
Test,ZSU_23_4,HB15238.jpeg,.jpeg,158,158,L
Test,ZSU_23_4,HB15239.jpeg,.jpeg,158,158,L
Test,ZSU_23_4,HB15240.jpeg,.jpeg,158,158,L
Test,ZSU_23_4,HB15241.jpeg,.jpeg,158,158,L
Test,ZSU_23_4,HB15242.jpeg,.jpeg,158,158,L
Test,ZSU_23_4,HB15243.jpeg,.jpeg,158,158,L
Test,ZSU_23_4,HB15244.jpeg,.jpeg,158,158,L
Test,ZSU_23_4,HB15245.jpeg,.jpeg,158,158,L
Test,ZSU_23_4,HB15246.jpeg,.jpeg,158,158,L
Test,ZSU_23_4,HB15247.jpeg,.jpeg,158,158,L
Test,ZSU_23_4,HB15248.jpeg,.jpeg,158,158,L
Test,ZSU_23_4,HB15251.jpeg,.jpeg,158,158,L
Test,ZSU_23_4,HB15252.jpeg,.jpeg,158,158,L
Test,ZSU_23_4,HB15254.jpeg,.jpeg,158,158,L
Test,ZSU_23_4,HB15255.jpeg,.jpeg,158,158,L
Test,ZSU_23_4,HB15256.jpeg,.jpeg,158,158,L
Test,ZSU_23_4,HB15257.jpeg,.jpeg,158,158,L
Test,ZSU_23_4,HB15258.jpeg,.jpeg,158,158,L
Test,ZSU_23_4,HB15259.jpeg,.jpeg,158,158,L
Test,ZSU_23_4,HB15260.jpeg,.jpeg,158,158,L
Test,ZSU_23_4,HB15261.jpeg,.jpeg,158,158,L
Test,ZSU_23_4,HB15262.jpeg,.jpeg,158,158,L
Test,ZSU_23_4,HB15263.jpeg,.jpeg,158,158,L
Test,ZSU_23_4,HB15264.jpeg,.jpeg,158,158,L
Test,ZSU_23_4,HB15265.jpeg,.jpeg,158,158,L
Test,ZSU_23_4,HB15266.jpeg,.jpeg,158,158,L
Test,ZSU_23_4,HB15267.jpeg,.jpeg,158,158,L
